ID,Nom,Slogan,Genre,Durée,Date de sortie,Pays d'origine,Langue,Note,Budget du film,Synopsis,Nom du réalisateur,Lien de l'affiche,Lien de fond,Noms de tous les acteurs,keywords,Key,URL
11657,Le Cercle rouge,Nulle part où se cacher… Nulle part où aller…,"Crime, Thriller",140,1970-10-19,"France, Italy",fr,7.622,0,"Un truand marseillais, un détenu en cavale et un ancien policier mettent au point le hold-up du siècle. Le commissaire Mattei, de la brigade criminelle, leur tend une souricière.",Jean-Pierre Melville,https://image.tmdb.org/t/p/w500/sTqNuY39TpVEFbrtIAM9Zldxnt4.jpg,https://image.tmdb.org/t/p/original/nfSaFuQkLqnCrwf300wM3xIY5sT.jpg,"Alain Delon, Bourvil, Gian Maria Volonté, Yves Montand, François Périer, Paul Crauchet, André Ekyan, Paul Amiot, Pierre Collet, Jean-Pierre Posier, Yves Arcanel, René Berthier, Anna Douking, Jean-Marc Boris, Robert Favart, Jean Franval, Jean Champion, Yvan Chiffre, Roger Fradet, Jean-Pierre Janic, Édouard Francomme, Jacques Galland, Jacques Léonard, Jacques Leroy, Jean Pignol, Robert Rondo, Stéphanie Fugain, Guy Henry","[{'id': 378, 'name': 'prison'}, {'id': 417, 'name': 'corruption'}, {'id': 90, 'name': 'paris, france'}, {'id': 10685, 'name': 'escape'}, {'id': 6149, 'name': 'police'}, {'id': 1667, 'name': 'pimp'}, {'id': 10051, 'name': 'heist'}, {'id': 9727, 'name': 'thief'}, {'id': 10726, 'name': 'gang'}, {'id': 13112, 'name': 'murderer'}, {'id': 15164, 'name': 'custody'}, {'id': 155331, 'name': 'jewel'}, {'id': 201512, 'name': 'aristocratic'}]",taSkmZUa4dY,https://www.youtube.com/watch?v=
12598,Jo,,"Comédie, Crime",85,1971-08-31,France,fr,7.2,0,"Antoine Brisebard, auteur à succès, est victime d'un maître chanteur qui menace de l'atteindre en dévoilant les origines familiales de sa femme. Résolu à se débarrasser de Jo, le responsable du chantage, Antoine prétexte l'écriture d'une pièce policière afin de recueillir auprès de qui veut l'entendre les ingrédients du crime parfait...",Jean Girault,https://image.tmdb.org/t/p/w500/oO916dKqqKIWcQjUnbWjEcLF47Y.jpg,https://image.tmdb.org/t/p/original/cmPzTmg8zR2aWjjLyMUPOMGODdd.jpg,"Louis de Funès, Claude Gensac, Michel Galabru, Bernard Blier, Guy Tréjan, Ferdy Mayne, Yvonne Clech, Florence Blot, Micheline Luccioni, Christiane Muller, Paul Préboist, Jacques Marin, Dominique Zardi, Jean Valmence, Carlo Nell, Henri Attal, Jean Droze","[{'id': 6149, 'name': 'police'}, {'id': 1936, 'name': 'blackmail'}, {'id': 6112, 'name': 'firearm'}, {'id': 10818, 'name': 'author'}, {'id': 179011, 'name': 'hidden corpse'}]",F-s7S1JkEJg,https://www.youtube.com/watch?v=F-s7S1JkEJg
4593,Le Charme discret de la bourgeoisie,Un groupe d'amis essaie en vain de dîner ensemble.,Comédie,101,1972-09-15,"France, Italy, Spain",fr,7.505,800000,"Les Thévenot viennent dîner chez les Sénéchal. Surprise : le repas était prévu pour le lendemain. Thévenot invite tout le monde dans une auberge transformée en salle mortuaire. Nouvelle réception, le samedi, mais cette fois les Sénéchal sont occupés… Le dîner sera ainsi sans cesse repoussé pour des raisons tout aussi absurdes les unes que les autres.",Luis Buñuel,https://image.tmdb.org/t/p/w500/48EAleS3g4BIMV0vZ3CSIcZyx01.jpg,https://image.tmdb.org/t/p/original/ujfVlfO1jhcsUbi8gZssFE8Cmef.jpg,"Fernando Rey, Delphine Seyrig, Paul Frankeur, Stéphane Audran, Bulle Ogier, Jean-Pierre Cassel, Julien Bertheau, Claude Piéplu, Michel Piccoli, François Maistre, Pierre Maguelon, Maxence Mailfort, Milena Vukotić, Maria Gabriella Maione, Muni, Georges Douking, Christian Baltauss, Bernard Musson, Jacques Rispal, Robert Le Béal, Robert Benoît, Anne-Marie Deschodt, Ellen Bahl, Jean-Michel Dhermay, Jean Degrave, Sébastien Floche, Claude Jaeger, Pierre Lary, Alix Mahieux, Robert Party, Amparo Soler Leal, Madeleine Bouchez, Roger Caccia, Olivier Bauchet, François Guilloteau, Jean-Claude Jarry, Jean Revel, Diane Vernon","[{'id': 4529, 'name': 'diplomat'}, {'id': 1566, 'name': 'dream'}, {'id': 3030, 'name': 'nightmare'}, {'id': 213, 'name': 'upper class'}, {'id': 248, 'name': 'date'}, {'id': 2149, 'name': 'drug trafficking'}, {'id': 5333, 'name': 'guest'}, {'id': 2637, 'name': 'bishop'}, {'id': 1946, 'name': 'restaurant'}, {'id': 3307, 'name': 'surreal'}, {'id': 4029, 'name': 'bourgeoisie'}, {'id': 8201, 'name': 'satire'}, {'id': 12997, 'name': 'dinner'}, {'id': 13015, 'name': 'terrorism'}, {'id': 33719, 'name': 'drink'}, {'id': 231173, 'name': 'dream within a dream'}, {'id': 232130, 'name': 'small talk'}, {'id': 236316, 'name': 'anarchic comedy'}, {'id': 309974, 'name': 'absurd'}, {'id': 316204, 'name': 'unexpected situation'}]",T7XNFYdQ8S8,https://www.youtube.com/watch?v=T7XNFYdQ8S8
1675,La Nuit américaine,Un film pour ceux qui aiment le cinéma.,"Comédie, Drame",111,1973-05-24,"France, Italy",fr,7.822,700000,"Ferrand, célèbre metteur en scène, commence le tournage de son nouveau film, « Je vous présente Pamela », aux studios de la Victorine, à Nice. Il a rassemblé autour de lui Bertrand, son producteur, Alphonse, le jeune premier, Julie Baker, une actrice américaine dépressive accompagnée de son mari, le docteur Nelson, Séverine, qui noie les outrages de l'âge dans la boisson, Alexandre, un acteur quinquagénaire et, bien sûr, toute son équipe technique. Le tournage se révèle long et difficile, d'autant plus que tous ces personnages accumulent intrigues, passions et éclats, devant et derrière les caméras…",François Truffaut,https://image.tmdb.org/t/p/w500/vTT3I0KTP2N7OcEyWcHzwZ7CsxN.jpg,https://image.tmdb.org/t/p/original/6MbFN88F27WvGC9WhAXq5KUIgTj.jpg,"Jacqueline Bisset, Jean-Pierre Léaud, François Truffaut, Jean-Pierre Aumont, Valentina Cortese, Dani, Alexandra Stewart, Jean Champion, Niké Arrighi, Nathalie Baye, David Markham, Bernard Ménez, Jean-François Stévenin, Walter Bal, Gaston Joly, Zénaïde Rossi, Pierre Zucca, Marc Boyle, Marcel Berbert, Xavier Saint-Macary, Maurice Seveno, Graham Greene","[{'id': 725, 'name': 'lovesickness'}, {'id': 3973, 'name': 'insurance salesman'}, {'id': 886, 'name': 'movie business'}, {'id': 1861, 'name': 'nice'}, {'id': 33457, 'name': 'alcoholic'}, {'id': 34094, 'name': 'extramarital affair'}, {'id': 50244, 'name': 'making of'}, {'id': 235736, 'name': 'film director'}]",GmSpeM5Hj2A,https://www.youtube.com/watch?v=GmSpeM5Hj2A
5558,Le Fantôme de la liberté,,Comédie,104,1974-09-10,"France, Italy",fr,7.5,0,"Tolède, 1808, lors de la prise de la ville par les troupes napoléoniennes, un capitaine de dragons français baise une statue de femme et reçoit un coup de poing d'une statue de chevalier. Un homme étrange dans un parc, remet à une petite fille des cartes postales pornographiques, les parents sont horrifiés par ces clichés alors qu'ils ne représentent en fait que des monuments célèbres de Paris… Une suite de scènes surréalistes et farfelues ponctuées par des scènes de répression qui dévergondent la rigidité morale de la société.",Luis Buñuel,https://image.tmdb.org/t/p/w500/znVw9sjkgMobBAZsyYrZNYbikxC.jpg,https://image.tmdb.org/t/p/original/Ai3fiCnWzHl3bL4CZQQ1pt2uiOU.jpg,"Adriana Asti, Milena Vukotić, Jean-Claude Brialy, Monica Vitti, Jean Rochefort, Michel Piccoli, Adolfo Celi, Claude Piéplu, Paul Frankeur, Pierre Maguelon, François Maistre, Marie-France Pisier, Michael Lonsdale, Paul Le Person, Julien Bertheau, Maxence Mailfort, Hélène Perdrière, Pierre-François Pistorio, Pascale Audret, Anne-Marie Deschodt, Bernard Verley, Jenny Astruc, Ellen Bahl, Philippe Brigaud, Philippe Brizard, Agnès Capri, Jean Champion, Jacques Debary, Jean-Michel Dhermay, Pierre Lary, Marius Laurey, Alix Mahieux, Maxence Mailfort, Guy Montagné, Bernard Musson, Muni, Jean Mauvais, Marcel Pérès, Jean Rougerie, André Rouyer, Marianne Borgo, Auguste Carrière, Jean Degrave, Orane Demazis, Luis Buñuel","[{'id': 90, 'name': 'paris, france'}, {'id': 3679, 'name': 'society'}, {'id': 345, 'name': 'monk'}, {'id': 33841, 'name': 'incest'}, {'id': 236316, 'name': 'anarchic comedy'}]",u5A3ZOkkYis,https://www.youtube.com/watch?v=u5A3ZOkkYis
3480,Le Vieux Fusil,La vengeance n'a jamais été aussi douce !,"Drame, Histoire",102,1975-08-22,"France, Germany",fr,7.498,0,"L'action se déroule en 1944, à Montauban. Le chirurgien Julien Dandieu y mène une vie paisible avec sa femme, Clara, et leur fille Florence. Cependant, l'invasion allemande ne peut le laisser indifférent : préférant les savoir éloignées des tourments de cette guerre, Julien demande à son ami François de conduire Clara et Florence à la campagne, où cette famille possède un château, véritable forteresse médiévale qui surplombe un village. Une semaine plus tard, ne supportant plus l'absence des siens, Julien rejoint sa famille pour découvrir, avec effroi, que les Allemands ont déjà semé la terreur dans le village.",Robert Enrico,https://image.tmdb.org/t/p/w500/rtunUxTBLwjzZkMBp4E5uj0ix0B.jpg,https://image.tmdb.org/t/p/original/q2qxi8FYuAtAfcVLeBNQdD1xZRh.jpg,"Philippe Noiret, Romy Schneider, Jean Bouise, Joachim Hansen, Robert Hoffmann, Karl Michael Vogler, Caroline Bonhomme, Catherine Delaporte, Madeleine Ozeray, Jean-Paul Cisife, Antoine Saint-John, Jean-Pierre Garrigues, Hermine Delysle, Micheline Sarto, Daniel Breton, Maurice Bes, Bernard Bireaud","[{'id': 3737, 'name': 'dying and death'}, {'id': 570, 'name': 'rape'}, {'id': 1522, 'name': 'repayment'}, {'id': 1956, 'name': 'world war ii'}, {'id': 3098, 'name': 'castle'}, {'id': 4299, 'name': 'normandy, france'}, {'id': 9748, 'name': 'revenge'}, {'id': 184352, 'name': 'rape and revenge'}]",z8vVI4cHJYw,https://www.youtube.com/watch?v=z8vVI4cHJYw
58925,Mr Klein,,"Mystère, Drame, Histoire, Thriller",123,1976-09-23,"France, Italy",fr,7.265,0,"Pendant l'occupation allemande à Paris, Robert Klein, un Alsacien qui rachète des œuvres d'art à bas prix, reçoit, réexpédié, à son nom, le journal Les Informations juives qui n'est délivré que sur abonnement. Il découvre bientôt qu'un homonyme juif utilise son nom, et décide alors de remonter la piste qui le mènera à cet inconnu.",Joseph Losey,https://image.tmdb.org/t/p/w500/7nrQxtiRjbJYnWpAhDsGieoaDfT.jpg,https://image.tmdb.org/t/p/original/d6ELJEiJDoOZhoGe48o4L7qTQKa.jpg,"Alain Delon, Jeanne Moreau, Francine Bergé, Juliet Berto, Jean Bouise, Suzanne Flon, Massimo Girotti, Michael Lonsdale, Michel Aumont, Roland Bertin, Jean Champion, Etienne Chicot, Magali Clément, Gérard Jugnot, Hermine Karagheuz, Jacques Maury, Fred Personne, Francine Racette, Isabelle Sadoyan, Louis Seigner, Elisabeth Kaza, Carole Achache, Lucienne Le Marchand, Rosine Rochette, Maurice Vallier, Pierre Vernier, François Viaur, Joseph Losey, Brigitte Ariel, Marius Balbinot, Maurice Baquet, Philippe Brizard, Jenny Clève, Raymond Danon, Christian de Tillière, Michel Delahaye, Bernard-Pierre Donnadieu, Pierre Frag, Mireille Franchino, David Gabison, Maurice Jany, Stephane Quatrehomme, Jean Topart, Danielle Verne, Dany Kogan, Thierry de Brem","[{'id': 90, 'name': 'paris, france'}, {'id': 1956, 'name': 'world war ii'}, {'id': 2433, 'name': 'jew persecution'}, {'id': 155795, 'name': 'art dealer'}, {'id': 161891, 'name': 'doppelgänger'}, {'id': 169590, 'name': 'police raid'}, {'id': 175107, 'name': 'nazi collaborationism'}, {'id': 189422, 'name': 'nazi occupation'}, {'id': 207883, 'name': '1940s'}]",EMq7B85H5D0,https://www.youtube.com/watch?v=EMq7B85H5D0
5781,Cet obscur objet du désir,,"Comédie, Drame, Romance",103,1977-08-17,"France, Spain",fr,7.441,0,"Lors d'un voyage en train, Mathieu Faber raconte aux passagers de son compartiment ses amours avec Conchita, femme radieuse qu'il poursuit de son obsession à travers l'Europe. Mais elle se dérobe toujours à ses avances...",Luis Buñuel,https://image.tmdb.org/t/p/w500/k098PiL04JfOe4RCTrrmiaEjpBD.jpg,https://image.tmdb.org/t/p/original/cdKjKrls7ItSxqAe6j0Jz7EdKuN.jpg,"Fernando Rey, Carole Bouquet, Ángela Molina, Julien Bertheau, André Weber, Milena Vukotić, María Asquerino, Ellen Bahl, Valerie Blanco, Auguste Carrière, Jacques Debary, Antonio Duque, André Lacombe, Lita Lluch-Peiro, Annie Monange, Jean-Claude Montalban, Muni, Bernard Musson, Piéral, Isabelle Rattier, David Rocha, Isabelle Sadoyan, Juan Santamaría, Mario David, Agnès Gattegno, Silke Humel, Roger Ibáñez, Richard Leduc, Guy Montagné, Justo Ruiz","[{'id': 90, 'name': 'paris, france'}, {'id': 258, 'name': 'bomb'}, {'id': 970, 'name': 'parent child relationship'}, {'id': 2281, 'name': 'mistake in person'}, {'id': 7513, 'name': 'bucket'}, {'id': 7515, 'name': 'lausanne, switzerland'}, {'id': 9673, 'name': 'love'}, {'id': 13008, 'name': 'train'}, {'id': 13097, 'name': 'maid'}, {'id': 33740, 'name': 'humiliation'}, {'id': 206887, 'name': 'seville, spain'}]",3-6OUqQk-SM,https://www.youtube.com/watch?v=3-6OUqQk-SM
93669,Les Rendez-vous d'Anna,,Drame,128,1978-10-08,"Belgium, France, Germany",fr,7.1,0,"Une cinéaste, Anna, parcourt l'Europe pour présenter son film. Une inquiétude la tenaille : elle est sans nouvelle de son amie de cœur. À Essen, en Allemagne, elle fait la connaissance du professeur Heinrich qui lui confie son désarroi. Enfant, il a perdu son père à Stalingrad. Aujourd'hui, sa femme vient de le quitter. Anna poursuit son voyage. Elle croise une vieille connaissance dans une gare, puis, dans le train, elle s'intéresse à un inconnu, un nomade en quête d'un refuge…",Chantal Akerman,https://image.tmdb.org/t/p/w500/xclvfpbNAgPUTDq5qb3xLI9OjC3.jpg,https://image.tmdb.org/t/p/original/oAmSmWIPk1PeelKjas54Zpzyc81.jpg,"Aurore Clément, Helmut Griem, Magali Noël, Hanns Zischler, Jean-Pierre Cassel, Lea Massari, Alain Berenboom, Françoise Bonnet, Victor Verek","[{'id': 823, 'name': 'cologne, germany'}, {'id': 187056, 'name': 'woman director'}]",WJu-cX26Kqs,https://www.youtube.com/watch?v=WJu-cX26Kqs
33701,Les Bronzés font du ski,"""J'étais à deux doigts de m'la faire, t'as tout foutu en l'air, sais pas c'qui m'retient de te casser la geule !""",Comédie,83,1979-11-22,France,fr,7.342,0,"Après le Club Méditerranée, la joyeuse troupe d’amis (plus connue sous le nom des Bronzés) se retrouvent aux sports d’hiver. Ils vivront encore d’autres problèmes sentimentaux et mésaventures. L’équipe ira même se perdre en montagne.",Patrice Leconte,https://image.tmdb.org/t/p/w500/uTN0bp8yMUKesNTLXR1GnL2kLFs.jpg,https://image.tmdb.org/t/p/original/8xovwlLYPqKaHwjhfrMcGJU9TcX.jpg,"Thierry Lhermitte, Michel Blanc, Christian Clavier, Gérard Jugnot, Josiane Balasko, Dominique Lavanant, Maurice Chevit, Marie-Anne Chazel, Bruno Moynot, Roland Giraud, Fernand Bonnevie, Guy Laporte, Véronique Barrault, Michel Such, Isabelle de Botton, Maurice Aufair, Jean-Marc Henchoz, David Pontremoli, Doris Thomas, Marlene Auffret","[{'id': 9663, 'name': 'sequel'}, {'id': 160175, 'name': 'alps mountains'}, {'id': 162328, 'name': 'ski resort'}, {'id': 209282, 'name': 'french alps'}, {'id': 248915, 'name': 'skiing'}]",V78mXCLIBy8,https://www.youtube.com/watch?v=V78mXCLIBy8
345130,Les trois inventeurs,,Animation,13,1980-06-06,France,fr,7.8,0,"Dans un monde de dentelle blanche, un grand inventeur, une grande inventrice et une petite inventrice inventent de belles machines utiles. Mais les gens ne comprennent pas et n’aiment pas qu’on ne se tienne pas comme eux…",Michel Ocelot,https://image.tmdb.org/t/p/w500/8re1G07mTxG8REcRmVG5whon0UB.jpg,https://image.tmdb.org/t/p/original/r8f3zZXAz6KcW1g7ZghWwmnNBlU.jpg,"Michel Ocelot, Michel Elias","[{'id': 1436, 'name': 'inventor'}, {'id': 3010, 'name': 'intolerance'}, {'id': 214793, 'name': 'cutout animation'}, {'id': 263548, 'name': 'short film'}]",VeBDbAaLu1w,https://www.youtube.com/watch?v=VeBDbAaLu1w
21484,Possession,,Horreur,122,1981-05-27,"France, Germany",fr,7.3,0,"Rentrant d'un long voyage, Mark retrouve à Berlin sa femme Anna et son fils, Bob. Mais rapidement, il se rend compte que le comportement de sa femme a changé. Prise de violentes crises, elle quitte le domicile. L'amie du couple, Annie, révèle à Mark le nom de l'amant d'Anna, Heinrich. Lorsqu'elle disparaît, Mark engage un détective qui découvre bientôt qu'Anna s'est réfugiée dans une étrange demeure où semble se cacher une créature surgie des ténèbres.",Andrzej Żuławski,https://image.tmdb.org/t/p/w500/yAVfhwRyFm7i0zuMe1lxvXwwwvU.jpg,https://image.tmdb.org/t/p/original/rLzgSP7UEj0DudVlJACMNzkeTlO.jpg,"Isabelle Adjani, Sam Neill, Margit Carstensen, Heinz Bennent, Johanna Hofer, Carl Duering, Shaun Lawton, Michael Hogben, Maximilian Rüthlein, Leslie Malton, Thomas Frey, Harry Riebauer, Dragomir Stanojević","[{'id': 596, 'name': 'adultery'}, {'id': 220, 'name': 'berlin, germany'}, {'id': 1299, 'name': 'monster'}, {'id': 6149, 'name': 'police'}, {'id': 5809, 'name': 'marriage crisis'}, {'id': 74, 'name': 'germany'}, {'id': 292, 'name': 'berlin wall'}, {'id': 1523, 'name': 'obsession'}, {'id': 5340, 'name': 'investigation'}, {'id': 10292, 'name': 'gore'}, {'id': 5083, 'name': 'hysteria'}, {'id': 10508, 'name': 'teacher'}, {'id': 9826, 'name': 'murder'}, {'id': 10303, 'name': 'domestic abuse'}, {'id': 10714, 'name': 'serial killer'}, {'id': 11925, 'name': 'domestic violence'}, {'id': 14735, 'name': 'motorcycle'}, {'id': 17986, 'name': 'miscarriage'}, {'id': 18013, 'name': 'separation'}, {'id': 34094, 'name': 'extramarital affair'}, {'id': 41329, 'name': 'mental illness'}, {'id': 155790, 'name': 'private detective'}, {'id': 155811, 'name': 'spiral staircase'}, {'id': 161891, 'name': 'doppelgänger'}, {'id': 163129, 'name': 'dual role'}, {'id': 171848, 'name': 'marital separation'}, {'id': 189921, 'name': 'video nasty'}, {'id': 191815, 'name': 'breakdown'}, {'id': 237105, 'name': 'downward spiral'}, {'id': 312949, 'name': 'impending divorce'}]",ZU4B6t2Nnok,https://www.youtube.com/watch?v=ZU4B6t2Nnok
14645,Le père Noël est une ordure,« Y'a un monsieur très mal poli qui voulait enculer Thérèse ! »,Comédie,90,1982-08-25,France,fr,7.357,0,"Félix représente mal le père Noël : il est sale, brutal, vulgaire et il boit. Fatalement, son amie Josette le quitte. Elle trouve refuge à la permanence de SOS détresse tenue par ces 2 coincés que sont Pierre et Thérèse. S'y croisent également un homosexuel dépressif, Mme Musquin, un émigré voisin et un pauvre réparateur d'ascenseur…",Jean-Marie Poiré,https://image.tmdb.org/t/p/w500/nRF8uVwJNum9x6P66mrgJNAksaJ.jpg,https://image.tmdb.org/t/p/original/dYAfetJTNx8sJ8aUsNOAmDeFtFD.jpg,"Gérard Jugnot, Thierry Lhermitte, Anémone, Christian Clavier, Marie-Anne Chazel, Josiane Balasko, Bruno Moynot, Martin Lamotte, Jacques François, Michel Blanc, Jeannette Batti, Pierre Belot, Suzanne Berthois, Bhime Souaré, Michel Bonnet, Jean-Claude Bouillaud, Jean-Pierre Clami, Jacques Disses, Josy Lafont, Roger Mabilat, Claire Magnin, François Rostain, Gérard Thirion, Muriel Dubrule, Jean-Pierre Darroussin, Pierre Eugène","[{'id': 236, 'name': 'suicide'}, {'id': 640, 'name': 'transvestite'}, {'id': 5320, 'name': 'cake'}, {'id': 3725, 'name': 'pregnancy'}, {'id': 1983, 'name': 'pharmacist'}, {'id': 4553, 'name': 'black humor'}, {'id': 157344, 'name': 'phone'}, {'id': 173316, 'name': 'trapped in an elevator'}, {'id': 207317, 'name': 'christmas'}, {'id': 248709, 'name': 'marginal'}]",cm8Bk3TbSnQ,https://www.youtube.com/watch?v=cm8Bk3TbSnQ
10293,Pauline à la plage,,"Drame, Romance, Comédie",90,1983-03-23,France,fr,7.002,0,"Après son divorce, Marion décide de terminer l'été sur la côte normande, en compagnie de sa cousine Pauline. Les deux jeunes femmes vont vivre des histoires d'amour inattendues…",Éric Rohmer,https://image.tmdb.org/t/p/w500/etELlm7GUQDOwT42SKAuzWs0TZl.jpg,https://image.tmdb.org/t/p/original/oRUeAhJD49EE9RiOrv8nD6ceti9.jpg,"Amanda Langlet, Arielle Dombasle, Pascal Greggory, Féodor Atkine, Simon de La Brosse, Rosette, Marie Bouteloup, Michel Ferry","[{'id': 658, 'name': 'sea'}, {'id': 966, 'name': 'beach'}, {'id': 931, 'name': 'jealousy'}, {'id': 2038, 'name': ""love of one's life""}, {'id': 65, 'name': 'holiday'}, {'id': 1486, 'name': 'flirt'}, {'id': 5490, 'name': 'girlfriend'}, {'id': 9094, 'name': 'womanizer'}, {'id': 15160, 'name': 'divorce'}, {'id': 33386, 'name': 'old flame'}, {'id': 166113, 'name': 'marriage problems'}]",iCjGE43l_2E,https://www.youtube.com/watch?v=iCjGE43l_2E
72664,Les Morfalous,,"Guerre, Comédie",106,1984-03-28,France,fr,5.9,0,"En Afrique du Nord, pendant la Seconde Guerre mondiale, un détachement de la Légion Étrangère est chargé de convoyer 6 milliards en lingots d'or, entreposés à la banque d'Elksour. Pris dans une embuscade allemande, le bataillon est décimé. Parmi les survivants, le sergent Augagneur, aidé d'un artilleur, Béral, s'empare du seul canon restant et bombarde la base allemande.",Henri Verneuil,https://image.tmdb.org/t/p/w500/nnPG3mVl8iE6J1RgXZPo7G8LBOa.jpg,https://image.tmdb.org/t/p/original/y0MkC2uARch7UkfWJBlOrfh3cRZ.jpg,"Jean-Paul Belmondo, Michel Constantin, Jacques Villeret, Michel Creton, Marie Laforêt, François Perrot, Michel Beaune, Gérard Buhr, Matthias Habich, Maurice Auzel, Pierre Semmler, Caroline Silhol, Michel Beaune, Michel Berreur, Daniel Breton, Claude Carliez, Hans Verner, Henri Verneuil",[],ASULPU5RasQ,https://www.youtube.com/watch?v=ASULPU5RasQ
4898,Poulet au vinaigre,,"Crime, Mystère, Thriller",109,1985-04-10,France,fr,6.173,0,"Dans une petite ville de province tiède et paisible, les passions couvent. La tyrannique madame Cuno, impotente, refuse de vendre sa maison à trois notables impatients, bloquant ainsi leur mirifique projet immobilier. Son fils, Louis, est au courant de bien des secrets, en sa qualité de facteur indélicat qui n'hésite pas à décacheter les lettres qui lui sont confiées. Aussi décide-t-il de répondre aux pressions incessantes des promoteurs en exploitant les travers des uns et des autres. Une nuit, il verse du sucre dans le réservoir de la voiture de l'un d'eux, Filiol. Le lendemain, celui-ci meurt dans un accident de la circulation. L'inspecteur Lavardin est dépêché sur les lieux...",Claude Chabrol,https://image.tmdb.org/t/p/w500/vtzU2jMhHlxSOyIQgsPbUqUIS1Q.jpg,https://image.tmdb.org/t/p/original/b1vRA1XVyGJpui5fBdtNoiDv3M9.jpg,"Jean Poiret, Stéphane Audran, Michel Bouquet, Lucas Belvaux, Jean Topart, Pauline Lafont, Caroline Cellier, Josephine Chaplin, Andrée Tainsy, Jean-Claude Bouillaud, Jacques Frantz, Dominique Zardi, Henri Attal, Albert Dray, Marcel Guy, Jean-Marie Arnoux","[{'id': 2918, 'name': 'estate agent'}, {'id': 417, 'name': 'corruption'}, {'id': 2065, 'name': 'province'}, {'id': 5439, 'name': 'inspector'}]",vflwnZUheTE,https://www.youtube.com/watch?v=vflwnZUheTE
220474,Deux enfoirés à Saint-Tropez,,Comédie,87,1986-03-11,France,fr,2.5,0,"Le film débute par la sortie de prison de Paul, condamné à quatre mois de prison à la place de son ami Julius. Afin de changer les idées de Paul, Julius décide de l'emmener à Saint-Tropez. Les deux jeunes hommes ""empruntent"" au passage une voiture et font sur le trajet la connaissance d'une charmante auto-stoppeuse, Évelyne, dont Julius ne tarde pas à tomber amoureux. Pour Paul, l'amour resurgit sous la forme de son ancienne compagne Milka, aux bras d'un marchand d'art quelque peu désagréable dénommé Saedi. C'est alors qu'on propose à Paul et à Julius de subtiliser deux statuettes pré-colombiennes appartenant à Saedi, qui s'avère en fait être un escroc. Mais le larcin ne se déroulera pas forcément comme prévu par nos deux compères.",Max Pécas,https://image.tmdb.org/t/p/w500/jgFETFMrBZI61CpPQePnN0voUwc.jpg,https://image.tmdb.org/t/p/original/oQdoiXUDiOlnQBvDmGcGuEfHnUh.jpg,"Philippe Caroit, Jean-Michel Noirey, Caroline Tresca, Denis Karvil, Claude Bruna, Lillemour Jonsson, Jean Vinci, Stéphanie Billat, Marie Daëms, Gérard Croce, Daniel Mitrecey, Carole Keeper, Bruno Dalbe, Sophie Penn, Sylvia Robbe, Edith Rebillon, Laurence Savin, Michael Kayat, Rachel Piétré, Guy Adamic, Nicolas Novaro, Gino Da Ronch, Marcel Aimé, Gilbert Crabbé, Valérie Bettencourt",[],e_Fq3ocj2CI,https://www.youtube.com/watch?v=e_Fq3ocj2CI
64419,Le Miraculé,,Comédie,88,1987-02-18,France,fr,5.3,0,"Papu, simule une paralysie, à la suite d'un accident, pour toucher l'assurance. Pour appuyer ses dires, il se rend à Lourdes pour une pseudo-guérison. L'assureur Fox-Terrier, qui a flairé la supercherie, va tenter de le démasquer.",Jean-Pierre Mocky,https://image.tmdb.org/t/p/w500/1hlE9LoNM4RTEYnxYVdB2cYoLq1.jpg,https://image.tmdb.org/t/p/original/cyR7hUg1t9unqdInbPA4FygROji.jpg,"Michel Serrault, Jean Poiret, Jeanne Moreau, Sylvie Joly, Jean Rougerie, Roland Blanche, Sophie Moyse, Marc Maury, Hervé Pauchon, Jean Abeillé, Dominique Zardi, Antoine Mayor, Georges Lucas, Lisa Livane",[],OTfdz13M13A,https://www.youtube.com/watch?v=OTfdz13M13A
39422,À gauche en sortant de l’ascenseur,,Comédie,83,1988-08-31,France,fr,6.2,0,Yan qui attend un rendez-vous galant se trouve embarrassé par sa voisine qui a claqué la porte de chez elle alors qu'elle était sur le paillasson en petite tenue.,Édouard Molinaro,https://image.tmdb.org/t/p/w500/f545ywREytB7X4NtksT6w7p0zvJ.jpg,https://image.tmdb.org/t/p/original/7750THD8ryYj5nIMx3IPIIzy0eR.jpg,"Pierre Richard, Richard Bohringer, Emmanuelle Béart, Fanny Cottençon, Pierre Vernier, Jean-Michel Dupuis, Martine Maximin, Albert Simono, Aïna Walle, Eric Blanc, Michel Creton, Mireille Audibert",[],WugTHVVVqsE,https://www.youtube.com/watch?v=WugTHVVVqsE
267100,Peaux de vaches,,Drame,87,1989-05-31,France,fr,5.9,0,"Ivres, les frères Roland et Gérard Malard mettent le feu à la ferme du second, provoquant la mort d'un vagabond. Dix ans plus tard, Roland revient chez Gérard, bouleversant sa nouvelle vie...",Patricia Mazuy,https://image.tmdb.org/t/p/w500/9o8aTWc4dJaVzLJrLFy9dqt56pY.jpg,https://image.tmdb.org/t/p/original/7bFNtXHeXVOD0zhxDcc82Nrpqqc.jpg,"Sandrine Bonnaire, Jean-François Stévenin, Jacques Spiesser, Salomé Stévenin, Laure Duthilleul, Jean-François Gallotte, Pierre Forget, Yann Dedet, Eva Vallejo, Jean-Jacques Bernard","[{'id': 187056, 'name': 'woman director'}]",yT8aIFsn0Yw,https://www.youtube.com/watch?v=yT8aIFsn0Yw
9322,Nikita,Le gouvernement a décidé de lui donner une seconde chance…,"Action, Thriller",117,1990-02-21,"France, Italy",fr,7.102,8538703,"Le braquage d'une pharmacie par une bande de junkies en manque de drogue tourne mal : une fusillade cause la mort de plusieurs personnes dont un policier, abattu par la jeune Nikita. Condamnée à la prison à perpétuité, celle-ci fait bientôt la rencontre de Bob, un homme mystérieux qui contraint la jeune femme à travailler secrètement pour le gouvernement. Après quelques rébellions lors d'un entraînement intensif de plusieurs années, Nikita devient un agent hautement qualifié des services secrets, capable désormais selon Bob d'évoluer seule à l'extérieur. Celui-ci espère d'ailleurs s'en assurer lors d'une terrible mise à l'épreuve au cours de laquelle Nikita doit éliminer un pilier de la mafia asiatique au beau milieu d'un restaurant bondé...",Luc Besson,https://image.tmdb.org/t/p/w500/aTixIZ88tmLKisojz5ISZaTPtIr.jpg,https://image.tmdb.org/t/p/original/ciXTaqQgLglDfDB5MIBYZOhMXUs.jpg,"Anne Parillaud, Jean-Hugues Anglade, Tchéky Karyo, Jean Reno, Marc Duret, Jeanne Moreau, Patrick Fontana, Roland Blanche, Jacques Boudet, Jean Bouise, Philippe du Janerand, Alain Lathière, Laura Chéron, Pierre-Alain de Garrigues, Helene Aligier, Philippe Leroy, Patrick Pérez, Bruno Randon, Vincent Skimenti, Joseph Teruel, Jacques Disses, Stéphane Fey, Philippe Dehesdin, Michel Brunot, Rodolph Freytt, Pavel Slabý, Jean-Luc Caron, Rénos Mandis, Jean-Marc Merchet, Patrick Serrière, Iska Khan, Heike Fisher, Patrick Buiquangda, Gérard Touratier, Edith Perret, Jean-Pierre Pauty, Murray Gronwall, Pierrick Charpentier, Hubert Gillet, Fausto Costantino, Pétronille Moss, Éric Prat, Mia Frye, Olivier Hémon, Christian Gazio, Jérôme Chalou, Jean-Claude Bolle-Reddat, Patrick Chauveau, Maurice Antoni, Mathieu Archer, Alexis Dupuy, Michèle Amiel, Rafael Sultan, Guy Van Riet, Xavier Bonastre","[{'id': 4654, 'name': 'undercover agent'}, {'id': 110, 'name': 'venice, italy'}, {'id': 1366, 'name': 'shotgun'}, {'id': 1308, 'name': 'secret identity'}, {'id': 5422, 'name': 'special unit'}, {'id': 9840, 'name': 'romance'}, {'id': 9679, 'name': 'secret government organization'}, {'id': 12366, 'name': 'hitwoman'}, {'id': 12367, 'name': 'female assassin'}, {'id': 41336, 'name': 'government assassin'}]",CJaJEyuMozo,https://www.youtube.com/watch?v=ZmHyOhOV_ng
41789,Jacquot de Nantes,,Drame,118,1991-05-15,France,fr,7.457,0,"Il était une fois un garçon, élevé dans un garage où tout le monde aimait chanter. C'était en 1939, il avait 8 ans, il aimait les marionnettes et les opérettes. Puis il a voulu faire du cinéma mais son père lui a fait étudier la mécanique. C'est de Jacques Demy qu'il s'agit et de ses souvenirs. C'est une enfance heureuse qui nous est contée, malgré les évènements de la guerre et de l'après-guerre.",Agnès Varda,https://image.tmdb.org/t/p/w500/9tDtcp5Lax3xGWpsGga3bBodAmu.jpg,https://image.tmdb.org/t/p/original/mmLJoiJOBqlxtZos6DRX9pl5Orm.jpg,"Philippe Maron, Edouard Joubeaud, Laurent Monnier, Brigitte De Villepoix, Daniel Dublet, Clément Delaroche, Rody Averty, Hélène Pors, Marie-Sidonie Benoist, Jérémie Bernard, Cédric Michaud, Jacques Demy, Agnès Varda","[{'id': 5565, 'name': 'biography'}, {'id': 33490, 'name': 'filmmaking'}, {'id': 187056, 'name': 'woman director'}, {'id': 191694, 'name': 'nantes'}, {'id': 207883, 'name': '1940s'}, {'id': 214548, 'name': '1930s'}, {'id': 220664, 'name': 'memoir'}, {'id': 221285, 'name': 'occupied france'}, {'id': 241982, 'name': 'children in wartime'}]",CrhUTCfGmb0,https://www.youtube.com/watch?v=CrhUTCfGmb0
28212,La Vie de Bohème,,"Drame, Comédie, Romance",102,1992-02-27,"France, Finland, Germany, Sweden",fr,7.512,0,Adaptation contemporaine du celebre roman de Murger qui evoque les grandeurs et les miseres de la vie de boheme.,Aki Kaurismäki,https://image.tmdb.org/t/p/w500/hFX3wJwzWK3oytvJkw4fyC6VKx6.jpg,https://image.tmdb.org/t/p/original/F9yotopY4t5P9DBvY28iTIO6hl.jpg,"Matti Pellonpää, Evelyne Didi, André Wilms, Kari Väänänen, Christine Murillo, Jean-Pierre Léaud, Carlos Salgado, Alexis Nitzer, Sylvie Van Den Elsen, Gilles Charmant, Dominique Marcas, Samuel Fuller, Jean-Paul Wenzel, Louis Malle, André Penvern, Maximilien Regiani, Daniel Dublet, Philippe Dormoy, Louis Delamotte, Kenneth Colley, Joëlle Jacquet, Michel Jacquet, Antonio Olivares, Helene Brousse, Sanna Fransman, Monique Goury, Jacques Cheuiche, Simon Murray, Mark Lavis, Irmeli Debarle, Jacques Leobold, Jean-Bernard Mateu, Jean-Luc Abel, Christian Ehrhart, Jacques Ehrhart, Gilles Sacuto, Pierre-Yves Parrinet, Veikko Nieminen, Alain Sakhnowsky, Teresa Saraiva, Andrée Saldo, Karine Arsene, Konsta Väänänen","[{'id': 6054, 'name': 'friendship'}, {'id': 960, 'name': 'homeless person'}, {'id': 90, 'name': 'paris, france'}, {'id': 1233, 'name': 'composer'}, {'id': 437, 'name': 'painter'}, {'id': 10965, 'name': 'playwright'}, {'id': 164754, 'name': 'bohemian'}, {'id': 165177, 'name': 'eviction'}, {'id': 181328, 'name': 'struggling artist'}, {'id': 217957, 'name': 'penniless'}, {'id': 239075, 'name': 'struggling playwright'}, {'id': 239442, 'name': 'bohemians'}, {'id': 249294, 'name': 'struggling life'}]",PpnMd2BGTxo,https://www.youtube.com/watch?v=PpnMd2BGTxo
16130,La Classe américaine,La classe c'est un etat d'esprit,"Comédie, Téléfilm",72,1993-12-31,France,fr,7.683,0,"George Abitbol, l'homme le plus classe du monde, meurt tragiquement lors d'une croisière. Dans un dernier souffle, il murmure : « Monde de merde ». Pourquoi ? Ces mots intriguent le rédacteur en chef d'un quotidien américain. Il dépêche ses trois meilleurs enquêteurs, Dave, Peter et Steven, pour éclaircir ce mystère.","Dominique Mézerette, Michel Hazanavicius",https://image.tmdb.org/t/p/w500/iQKZwYLsaJIATKeS5t4yVoKzMxV.jpg,https://image.tmdb.org/t/p/original/wD7pJC0ZpGAzBSczXnf3dHuexLq.jpg,"Christine Delaroche, Évelyne Grandjean, Marc Cassot, Patrick Guillemin, Raymond Loyer, Joël Martineau, Jean-Claude Montalban, Roger Rudel, Jean-Éric Bielle, Marc François, Michel Hazanavicius, Lionel Abelanski, Dominique Farrugia, Alain Chabat, Serge Hazanavicius, Jean-Yves Lafesse, John Wayne, Dustin Hoffman, Paul Newman, Robert Redford, Burt Lancaster, Henry Fonda, James Stewart, Dean Martin, Frank Sinatra, Clark Gable, Robert Mitchum, Lauren Bacall, Angie Dickinson, Lana Turner, Jason Robards, Orson Welles, Martin Balsam, Ricky Nelson, Charles Bronson, Elvis Presley, Stuart Whitman, Ned Beatty, Spencer Tracy, Ernest Borgnine, Jan-Michael Vincent, Yvonne De Carlo, Randolph Scott, James Franciscus, Slim Pickens, Antonio Fargas, Walter Brennan, Jacqueline Bisset, Burgess Meredith, Jack Warden, Akim Tamiroff, Nick Cravat, John Qualen, Donald Sutherland, Martin West, Jacqueline deWit, Charlotte Stewart, Christopher George, Elaine Devry, Sharon DeBord, Sue Ane Langdon, Jackie Joseph, Jackie Russell, Forrest Tucker, Robert Colbert, Jenny Sullivan, Jane Howard, Bill McKinney, Herbert 'Cowboy' Coward, Josh Albee, Pamela Tiffin, Valentina Cortese, Russell Evans, Lyle Bettger, Michael Dante, Gary Grimes, Roy Jenson, Gila Golan, Al Lettieri, Richard Kelton, Eddie Albert, Teddy Wilson, Penny Fuller, Florence Pepper","[{'id': 9755, 'name': 'parody'}, {'id': 179418, 'name': 'hollywood star'}, {'id': 211197, 'name': 'mysterious death'}, {'id': 224230, 'name': 'collage film'}]",CJaJEyuMozo,https://www.youtube.com/watch?v=CJaJEyuMozo
10452,La Reine Margot,,"Drame, Histoire, Romance",158,1994-05-13,"France, Germany, Italy",fr,7.199,0,"Paris, Royaume de France, 18 août 1572. Pour éviter le déclenchement d'une guerre de religion, la princesse catholique Marguerite de Valois, sœur du faible roi Charles IX, épouse le roi huguenot Henri III de Navarre.",Patrice Chéreau,https://image.tmdb.org/t/p/w500/quV34Zj3ZUjnoterRyy2T94UX9I.jpg,https://image.tmdb.org/t/p/original/hRx2gYJKtNJxtoPcO7SGLamZL3T.jpg,"Isabelle Adjani, Daniel Auteuil, Jean-Hugues Anglade, Vincent Perez, Virna Lisi, Dominique Blanc, Pascal Greggory, Claudio Amendola, Miguel Bosé, Asia Argento, Julien Rassam, Thomas Kretschmann, Jean-Claude Brialy, Jean-Philippe Écoffey, Albano Guaetta, Johan Leysen, Dörte Lyssewski, Michelle Marquais, Laure Marsac, Alexis Nitzer, Emmanuel Salinger, Barbet Schroeder, Jean-Marc Stehlé, Otto Tausig, Bruno Todeschini, Tolsty, Bernard Verley, Ulrich Wildgruber, Laurent Arnal, Gérard Berlioz, Christophe Bernard, Marian Blicharz, Daniel Breton, Pierre Brilloit, Valeria Bruni Tedeschi, Cécile Caillaud, Marc Citti, Grégoire Colin, Erwan Dujardin, Jean Douchet, Philippe Duclos, Marina Golovine, Zygmunt Kargol, Carlos López, Orazio Massaro, Roman Massine, Charlie Nelson, Bernard Nissile, Julie-Anne Roth, Jean-Michel Tavernier, Béatrice Toussaint, Mélanie Vaudaine, Nicolas Vaude, Luís Gaspar","[{'id': 90, 'name': 'paris, france'}, {'id': 818, 'name': 'based on novel or book'}, {'id': 3686, 'name': 'marriage of convenience'}, {'id': 9920, 'name': 'royalty'}, {'id': 10410, 'name': 'conspiracy'}, {'id': 191599, 'name': 'palace intrigue'}, {'id': 208244, 'name': '16th century'}, {'id': 220890, 'name': 'religious persecution'}, {'id': 244367, 'name': ""st. bartholomew's day massacre""}, {'id': 258300, 'name': 'french history'}]",EzUx_f5wkbQ,https://www.youtube.com/watch?v=EzUx_f5wkbQ
406,La Haine,Jusqu'ici tout va bien…,Drame,98,1995-05-31,France,fr,8.092,2600000,Trois copains d'une banlieue ordinaire traînent leur ennui et leur jeunesse qui se perd. Ils vont vivre la journée la plus importante de leur vie après une nuit d'émeutes provoquée par le passage à tabac d'Abdel Ichah par un inspecteur de police lors d'un interrogatoire.,Mathieu Kassovitz,https://image.tmdb.org/t/p/w500/gfdhSzPyAWtAizqs4ytc0MwOlQg.jpg,https://image.tmdb.org/t/p/original/viGCwLxupyoaLsa6hrnu1gYrB0B.jpg,"Vincent Cassel, Hubert Koundé, Saïd Taghmaoui, Abdel Ahmed Ghili, Solo, Joseph Momo, Héloïse Rauth, Rywka Wajsbrot, Olga Abrego, Laurent Labasse, Choukri Gabteni, Nabil Ben Mhamed, Benoît Magimel, Médard Niang, Arash Mansour, Abdel-Moulah Boujdouni, Mathilde Vitry, Christian Moro, Édouard Montoute, JiBi, Félicité Wouassi, Fatou Thioune, Thang-Long, Cut Killer, Sabrina Houicha, Sandor Weltmann, François Levantal, Julie Mauduech, Karin Viard, Peter Kassovitz, Christophe Rossignon, Vincent Lindon, Mathieu Kassovitz, Anthony Souter, Florent Lavandeira, Teddy Marques, Samir Khelif, Tadek Lokcinski, Virginie Montel, Andrée Damant, Marcel Marondo, Karim Belkhadra, Marc Duret, Eric Pujol, Philippe Nahon, Sébastien Tavel, François Toumarkine, José Dalmat, Zinedine Soualem, Bernie Bonvoisin, Cyril Ancelin, Patrick Médioni","[{'id': 376, 'name': 'neo-nazism'}, {'id': 796, 'name': 'police brutality'}, {'id': 898, 'name': 'hip-hop'}, {'id': 90, 'name': 'paris, france'}, {'id': 1952, 'name': 'socially deprived family'}, {'id': 1974, 'name': 'breakdance'}, {'id': 2394, 'name': 'ghetto'}, {'id': 3230, 'name': 'male friendship'}, {'id': 12425, 'name': 'racism'}, {'id': 160910, 'name': 'xenophobia'}, {'id': 197702, 'name': 'day in a life'}, {'id': 248022, 'name': 'paris suburb'}, {'id': 315053, 'name': 'critical'}, {'id': 325788, 'name': 'conceited'}]",oC2UENY7qsc,https://www.youtube.com/watch?v=oC2UENY7qsc
38523,Ponette,,Drame,97,1996-09-25,France,fr,7.582,0,"Ponette a 4 ans lorsque sa mère meurt accidentellement. Confiée à sa tante, la fillette ne supporte pas cette disparition. Elle continue obstinément de s'adresser à elle, convaincue qu'elle reviendra un jour.",Jacques Doillon,https://image.tmdb.org/t/p/w500/1YsmfwozrPMKOwf7krx9XnY4ige.jpg,https://image.tmdb.org/t/p/original/jH0AM4Z928cDooUTtIXjXUveGAe.jpg,"Delphine Schiltz, Victoire Thivisol, Matiaz Bureau Caton, Léopoldine Serre, Marie Trintignant, Xavier Beauvois, Claire Nebout, Luckie Royer, Carla Ibled, Aurélie Vérillon, Henri Berthon, Antoine du Merle, Marianne Favre, Hadrien Bouvier, Benjamin Charles, Luna Ragheb","[{'id': 6271, 'name': 'boarding school'}, {'id': 9928, 'name': 'bereavement'}, {'id': 208349, 'name': 'child'}]",sgXbG12kJXI,https://www.youtube.com/watch?v=sgXbG12kJXI
48347,La vieille dame et les pigeons,,"Animation, Comédie",24,1997-05-27,"Canada, France, Belgium, United Kingdom",fr,7.5,0,"Dans le Paris des années 50, un gardien de la paix affamé rencontre dans un jardin public une vieille dame gâteuse dont le passe-temps favori consiste à offrir de fastueux repas aux pigeons du quartier.
 Désormais, sous le képi de l'agent, la chose est claire : en devenant pigeon lui-même, il pourra se remplir la panse aux frais de la naïve petite dame.
 Naïve ?",Sylvain Chomet,https://image.tmdb.org/t/p/w500/bh3xjLeLTSxtgoMkyGwE62tg1Ty.jpg,https://image.tmdb.org/t/p/original/zphlzqOXW5DitufbF7QNn5V6HgZ.jpg,"James Pidgeon, Michoue Sylvain, Andrea Usher-Jones","[{'id': 156151, 'name': 'pigeon'}, {'id': 263548, 'name': 'short film'}]",Bu3gBeFTp3g,https://www.youtube.com/watch?v=Bu3gBeFTp3g
21348,Kirikou et la sorcière,Kirikou est petit mais il peut faire beaucoup de choses…,"Fantastique, Aventure, Animation, Familial",70,1998-12-09,"France, Belgium, Luxembourg",fr,7.32,4495000,"La sorcière Karaba a jeté un terrible sort sur le village : la source est asséchée, les villageois rançonnés, les hommes disparaissent mystérieusement. Mais le minuscule Kirikou, sitôt sorti du ventre de sa mère, veut délivrer le village et découvrir le secret de sa méchanceté.",Michel Ocelot,https://image.tmdb.org/t/p/w500/3fawMZ623Gxju8iJf5vsMJWazut.jpg,https://image.tmdb.org/t/p/original/oAIHUFNsNCVs7Rz9LNTINPFIa4j.jpg,"Doudou Gueye Thiaw, Maimouna N'Diaye, Awa Sène Sarr, Robert Liensol, William Nadylam, Sebastien Hebrant, Thilombo Lubambu, Rémi Bichet, Marie Augustine Diatta, Moustapha Diop, Isseu Niang, Selly Raby Kane, Erick Patrick Correa, Adjoua Barry, Charles Edouard Gomis Correa, Marie-Louise Shedeye Diiddi, Abdoulayé Diop Yama, Josephine Theodora M'Boup, Tabata N'Diaye, Samba Wane, Aminatha N'Diaye, François Chicaïa, N'Deyé Aïta N'Diaye, Abdou El Aziz Gueye, Boury Kandé, Assy Dieng Bâ, Michel Elias","[{'id': 193749, 'name': 'folk'}, {'id': 196964, 'name': 'power of goodness'}, {'id': 220940, 'name': 'folktale'}, {'id': 273251, 'name': 'bad witch'}, {'id': 273252, 'name': 'cultures of west africa'}, {'id': 273257, 'name': 'african tale'}, {'id': 317819, 'name': 'french'}]",-6jw9S5Ym10,https://www.youtube.com/watch?v=-6jw9S5Ym10
11489,Rosetta,,Drame,94,1999-09-29,"Belgium, France",fr,7.241,0,"Rosetta mène tous les jours une guerre sans relâche. Une guerre pour trouver du travail, une place qu'elle perd, qu'elle retrouve, qu'on lui prend, qu'elle reprend, obsédée par la peur de disparaître, par la honte d'être une déplacée. Elle voudrait une vie « normale » comme eux, parmi eux.","Luc Dardenne, Jean-Pierre Dardenne",https://image.tmdb.org/t/p/w500/zdWX3mNm9rzEU9f363y0NPehFrS.jpg,https://image.tmdb.org/t/p/original/uydYoYfnCbPWxNAG6VFbYwso3bB.jpg,"Émilie Dequenne, Olivier Gourmet, Fabrizio Rongione, Anne Yernaux, Bernard Marbaix, Frédéric Bodson, Florian Delain, Christiane Dorval, Mireille Bailly, Thomas Gollas, Leon Michaux, Victor Marit, Colette Regibeau, Claire Tefnin, Sophia Leboutte, Gaetano Ventura, Christian Neys, Valentin Traversi, Jean-Francois Noville","[{'id': 570, 'name': 'rape'}, {'id': 900, 'name': 'trailer park'}, {'id': 1495, 'name': 'fishing'}, {'id': 1952, 'name': 'socially deprived family'}, {'id': 1690, 'name': 'belgium'}, {'id': 12987, 'name': 'poverty'}, {'id': 15215, 'name': 'waffle'}, {'id': 15354, 'name': 'struggle for survival'}, {'id': 33457, 'name': 'alcoholic'}, {'id': 156052, 'name': 'unemployment'}, {'id': 185974, 'name': 'substance abuse'}, {'id': 190823, 'name': 'social realism'}, {'id': 211657, 'name': 'caravan park'}, {'id': 215481, 'name': 'food vendor'}, {'id': 229165, 'name': 'alcoholic mother'}, {'id': 240315, 'name': 'mother daughter relationship'}, {'id': 257681, 'name': 'betrayal of trust'}]",c-_5WIuh2uw,https://www.youtube.com/watch?v=c-_5WIuh2uw
60670,Les Rivières pourpres,Le mal atteint de nouveaux sommets.,"Crime, Mystère, Thriller",105,2000-09-27,France,fr,6.926,2365000,"Le même jour, à trois cent kilomètres de distance, deux flics se voient confier deux affaires singulières. Le commissaire Pierre Niémans, homme d'expérience et ex-gloire de l'anti-gang, possède un instinct sans faille mais cache de douloureuses angoisses. Il se rend à Guernon, une ville universitaire des Alpes, sur les lieux d'un meurtre avec mutilation. Max Kerkérian, ex-voleur de voitures vif et solitaire, a intégré les rangs de la police par amour de la nuit et du danger. Il enquête à Sarzac sur la profanation d'une tombe, celle d'une enfant disparue en 1982.Bientôt, les deux enquêtes se rejoignent et les meurtres se multiplient. La vérité dépassera l'imagination des deux policiers et les emmènera en haute altitude, aux portes de la mort et de la glace.",Mathieu Kassovitz,https://image.tmdb.org/t/p/w500/l9SQFzGWvTuP3WszpY8HeDYoNqd.jpg,https://image.tmdb.org/t/p/original/vVSmThsfa2BkvQa7nSC4HHVF7hK.jpg,"Jean Reno, Vincent Cassel, Nadia Farès, Dominique Sanda, Karim Belkhadra, Jean-Pierre Cassel, Didier Flamand, Philippe Nahon, François Levantal, Laurent Lafitte, Francine Bergé, Robert Gendreu, Christophe Bernard, Nicky Naudé, Vincent Tulli, Tonio Descanvelle, Olivier Rousset, Françoise Loreau, Nicolas Koretzky, Dominique Bettenfeld, Laurent Avare","[{'id': 379, 'name': 'skinhead'}, {'id': 818, 'name': 'based on novel or book'}, {'id': 745, 'name': 'nun'}, {'id': 4720, 'name': 'ritual'}, {'id': 703, 'name': 'detective'}, {'id': 5331, 'name': 'village'}, {'id': 1262, 'name': 'mountain'}, {'id': 5340, 'name': 'investigation'}, {'id': 11494, 'name': 'drug use'}, {'id': 9826, 'name': 'murder'}, {'id': 10714, 'name': 'serial killer'}, {'id': 13092, 'name': 'corpse'}, {'id': 15001, 'name': 'demon'}, {'id': 33699, 'name': 'policeman'}, {'id': 166512, 'name': 'graveyard'}]",oJa5ju1t-8A,https://www.youtube.com/watch?v=oJa5ju1t-8A
6935,Yamakasi,Les samourais des temps modernes.,"Action, Crime, Drame",90,2001-04-04,France,fr,6.014,15000000,"Une bande de jeunes athlètes banlieusards a créé sa propre discipline: l'art du déplacement. Ils bravent tous les dangers, escaladent les immeubles, effectuent des sauts vertigineux. Chaque membre a sa spécialité: Baseball est lanceur d'élite, L'Araignée se prend pour Spiderman, La Belette est une véritable anguille, Zicmu est un fou de musique, Rocket est plus rapide que l'éclair. Ils sont adoubés nouveaux modèles pour les plus jeunes et se livrent au jeu du chat et de la souris avec les autorités locales. Mais un accident survient: le petit Djamel tombe. Les Yamakasi vont devoir face à leurs responsabilités pour trouver l'argent nécessaire à son opération.","Ariel Zeitoun, Julien Seri",https://image.tmdb.org/t/p/w500/YRsXykyaXm3ABsfdfzxV59c17K.jpg,https://image.tmdb.org/t/p/original/ayNzn2jbKJbJWGNEWzLYgikVxs.jpg,"Châu Belle Dinh, Williams Belle, Malik Diouf, Yann Hnautra, Guylain N'Guba-Boyeke, Charles Perrière, Laurent Piemontesi, Maher Kamoun, Bruno Flender, Amel Djemel, Afida Tahri, Nassim Faid, Frédéric Pellegeay, Pascal Liger, Abdelkrim Bahloul, Gwenaël Clause, Camille Cottin","[{'id': 542, 'name': 'street gang'}, {'id': 254, 'name': 'france'}, {'id': 90, 'name': 'paris, france'}, {'id': 6149, 'name': 'police'}, {'id': 2405, 'name': 'roof'}, {'id': 2394, 'name': 'ghetto'}, {'id': 6955, 'name': 'parkour'}, {'id': 9727, 'name': 'thief'}]",rN0GpdaUEXg,https://www.youtube.com/watch?v=rN0GpdaUEXg
18419,3 zéros,Tous Les Coups Sont Permis!,Comédie,97,2002-04-24,"China, France",fr,4.7,0,"A Fleury-Mérogis, un match de foot a lieu dans la cour de prison. Tibor Kovacs, un jeune Hongrois, fait des prodiges avec le ballon. Véritable virtuose du football, il rêve de jouer en équipe de France. Pour Manu, son compagnon de cellule, Tibor est un cadeau du ciel.  A la veille de leur sortie de prison, les deux compères décident d'unir leurs destins : Tibor deviendra le plus grand joueur du monde, et Manu son agent. Ce dernier se rend alors à Copacabana pour convaincre ""Monsieur"" Alain Colonna, une ancienne légende du football international en retraite anticipée au Brésil, de reprendre du service.",Fabien Onteniente,https://image.tmdb.org/t/p/w500/qjDheLQWks2xXpZz0eLsBHafIfM.jpg,https://image.tmdb.org/t/p/original/hvmuMRJ3cg1Xqz4AL6Jq4Fj51ue.jpg,"Samuel Le Bihan, Gérard Lanvin, Lorànt Deutsch, Gérard Darmon, Ticky Holgado, Isabelle Nanty, Stomy Bugsy, Wladimir Yordanoff, Serge Riaboukine, Léa Drucker, Axelle Laffont, Cathy Guetta, Ronaldinho, Pierre Ménès, Mareva Galanter, Maaike Jansen, Souad Amidou","[{'id': 13042, 'name': 'football (soccer)'}]",l8RNHLy41hc,https://www.youtube.com/watch?v=l8RNHLy41hc
60025,"Moi César, 10 ans ½, 1m39",,Comédie,91,2003-04-09,France,fr,5.526,6844180,"Dix ans et demi, 1m39, les parents, les disputes, les amis, le premier amour, la rivalité, l'école, l'autorité, ces quelques kilos en trop... Autant de choses qui font le petit monde de César. Timide, il parle peu mais pense énormément. Et forcément, comme ses parents ne prennent pas le temps de lui raconter la réalité, il l'imagine...",Richard Berry,https://image.tmdb.org/t/p/w500/mEMSJSet752wIVM75u5BewGsTy8.jpg,https://image.tmdb.org/t/p/original/xFGx6ovBEArqUzmHHvHICHqTgtS.jpg,"Jules Sitruk, Joséphine Berry, Mabô Kouyaté, Anna Karina, Stéphane Guillon, Jean-Philippe Écoffey, Annick Blancheteau, Cécile de France, Charley Boorman, Didier Bénureau, Jean Benguigui, Jean-Paul Rouve, Katrine Boorman, Maria de Medeiros, Murray Head, Claire Romain",[],w4LEb_SLpQA,https://www.youtube.com/watch?v=w4LEb_SLpQA
21778,RRRrrrr!!!,Le premier thriller policier préhistorique !,Comédie,98,2004-01-28,France,fr,6.332,17820000,"Il y a 37 000 ans, deux tribus voisines vivaient en paix… à un cheveu près. Pendant que la tribu des Cheveux Propres coulait des jours paisibles en gardant pour elle seule le secret de la formule du shampooing, la tribu des Cheveux Sales se lamentait. Son chef décida d’envoyer un espion pour voler la recette. Mais un événement bien plus grave allait bouleverser la vie des Cheveux Propres : pour la première fois dans l’histoire de l’humanité, un crime venait d’être commis. Comment découvrir son auteur ? Au temps des mammouths et des moumoutes commence la première enquête policière de l’Histoire.",Alain Chabat,https://image.tmdb.org/t/p/w500/qsGU6myn85MfqpNAxzJtxJ3VgrM.jpg,https://image.tmdb.org/t/p/original/2fxpVG5TxDmylZopKqwnMQXPYMP.jpg,"Maurice Barthélemy, Marina Foïs, Elise Larnicol, Pierre-François Martin-Laval, Jean-Paul Rouve, Pascal Vincent, Alain Chabat, Jean Rochefort, Gérard Depardieu, Damien Jouillerot, Samir Guesmi, Cyril Casmèze, Gilles Conseil, Patrick Médioni, Michel Bouis, Christian Bergner, Gaëlle Cohen, Juliette Poissonnier, Sébastien Thiery, Gilles David, Jean-Paul Bonnaire, Édith Le Merdy, Bernard Chéron, Xavier Maly, Dominique Besnehard, Maroussia Dubreuil, Florence Muller, Alain Zef, Warren Zavatta, Robert Kechichian, Christian Gazio, Jean-Christophe Castel, Pierre Bezombes, Morgane Sallet-Doucey, Fodil Retibi, Alex Berger, Valérie Lemercier, Dominique Farrugia, Arnaud Gervet, JoeyStarr, Cheikna Sankare, Benoît Tachoires, Olivier Baroux, David Allouche, Francis Authie, Vanessa Barthas, Alexandra Barthas, Pierre Barthas, Solène Baveux, Aurélie Beau, Abdelkader Benameur, Mohamed Benameur, Rabah Benjadou, Sabrina Bestani, Lolita Blasco, Margot Bosquet, Clément massol, Joseph Beddelem","[{'id': 9755, 'name': 'parody'}, {'id': 242244, 'name': 'caveman'}]",y_UKPVezalU,https://www.youtube.com/watch?v=y_UKPVezalU
1667,La Marche de l'empereur,La nature a inventé la plus belle des histoires.,"Documentaire, Familial",84,2005-01-26,"France, United States of America",fr,7.051,8000000,"L'histoire des manchots empereurs et de leur cycle de reproduction est unique au monde. Elle mêle amour, drame, courage et aventure au cœur de l'Antarctique, région la plus isolée et inhospitalière de la planète. Un scénario offert par la nature, qui se perpétue depuis des millénaires et que les hommes n'ont découvert qu'au début du XXème siècle. La Marche de l'empereur raconte cette histoire extraordinaire...",Luc Jacquet,https://image.tmdb.org/t/p/w500/7DuALkXeR3CK7xYVnvUAt8dOvWT.jpg,https://image.tmdb.org/t/p/original/lPsKI7VR1FJY3w8iEOBZEhWAESc.jpg,"Charles Berling, Romane Bohringer, Jules Sitruk, Morgan Freeman","[{'id': 970, 'name': 'parent child relationship'}, {'id': 3028, 'name': 'penguin'}, {'id': 4260, 'name': 'brood'}, {'id': 4970, 'name': 'autonomy'}, {'id': 10349, 'name': 'survival'}, {'id': 9902, 'name': 'wildlife'}, {'id': 10794, 'name': 'snow'}, {'id': 14728, 'name': 'antarctica'}, {'id': 221355, 'name': 'nature documentary'}]",ptVk8zE0ucc,https://www.youtube.com/watch?v=ptVk8zE0ucc
21435,Les Bronzés 3 : Amis pour la vie,Les mêmes… en pire !,Comédie,97,2006-02-01,France,fr,4.072,35,"En 1978, Popeye, Gigi, Jérôme, Bernard, Nathalie et Jean-Claude faisaient connaissance en Côte d'Ivoire dans un club de vacances. Amours, coquillages et crustacés.  Un an plus tard, retrouvailles du groupe d'amis à Val d'Isère. Tire-fesses, fartage et pistes verglacées.  Après le Club Med et le ski, ils n'ont cessé de se voir, de se perdre de vue, de se retrouver, de se reperdre, de se revoir pour des semaines de vacances volées à une vie civile assommante. Depuis quelques années, ils se retrouvent chaque été, pour une semaine, au Prunus Resort, hôtel de luxe et de bord de mer, dont Popeye s'occupe plus ou moins bien en tant que gérant, et qui appartient à sa femme, Graziella Lespinasse, héritière d'une des plus grosses fortunes italiennes.  Que sont devenus les Bronzés 27 ans après ? Réponse hâtive : les mêmes, en pire.",Patrice Leconte,https://image.tmdb.org/t/p/w500/9g7z9WG6MS3Q8cYfxTTBC4Ckm9A.jpg,https://image.tmdb.org/t/p/original/ic44gb1sfOvfQ4v1esFSjJQsASP.jpg,"Josiane Balasko, Michel Blanc, Marie-Anne Chazel, Christian Clavier, Gérard Jugnot, Thierry Lhermitte, Dominique Lavanant, Martin Lamotte, Bruno Moynot, Doris Kunstmann, Arthur Jugnot, Éric Naggar, Caterina Murino, Ornella Muti, Franco Trevisi, Beppe Clerici, Karine Belly, Ahmed Guedayia, Marc Rioufol, François Nadin, Micaela Lanza, Serena Reinaldi, George Aguilar, Rinaldo Rocco, Genti Kame, Julia Truffaut, Elio Beretta, Luca Vellani, Laurent Letord, Coline Perruchon, Étienne Perruchon","[{'id': 65, 'name': 'holiday'}, {'id': 3466, 'name': 'sardinia, italy'}, {'id': 9663, 'name': 'sequel'}, {'id': 9824, 'name': 'reunion'}, {'id': 182100, 'name': 'luxury hotel'}]",qjpWftmz5LY,https://www.youtube.com/watch?v=qjpWftmz5LY
8827,99 Francs,Bienvenue dans le meilleur des mondes : l'industrie de la publicité !,"Drame, Comédie",99,2007-09-26,France,fr,6.628,13442285,"Octave est le maître du monde : il exerce la profession de rédacteur publicitaire. Il décide aujourd'hui ce que vous allez vouloir demain. Pour lui, ""l'homme est un produit comme les autres"". Octave travaille pour la plus grosse agence de pub du monde : Ross & Witchcraft, surnommée ""La Ross"". Il est couvert d'argent, de filles et de cocaïne. Pourtant, il doute. Deux événements vont bouleverser le cours de la vie d'Octave. Son histoire d'amour avec Sophie, la plus belle employée de l'agence, et une réunion chez Madone pour vendre un film de pub à ce géant du produit laitier. Le doué Octave déjante alors et décide de se rebeller contre le système qui l'a créé, en sabotant sa plus grande campagne. De Paris, où négocient les patrons d'agences, à Miami, où l'on tourne un spot sous antidépresseurs, de Saint-Germain-des-Prés à une île perdue d'Amérique Centrale, Octave parviendra-t-il à échapper à sa prison dorée ?",Jan Kounen,https://image.tmdb.org/t/p/w500/otIMYneD1RvpeS8t30rcW1rHxwh.jpg,https://image.tmdb.org/t/p/original/wHwpdFBkvHRKS1zXptaskCFJ8BK.jpg,"Jean Dujardin, Jocelyn Quivrin, Patrick Mille, Vahina Giocante, Elisa Tovati, Nicolas Marié, Dominique Bettenfeld, Antoine Basler, Fosco Perinti, Cendrine Orcier, Dan Herzberg, Arsène Mosca, Niels Dubost, Aurélie Boquien, Mathis Jamet, Max Bennett, Diouc Koma, Joachim Staaf, Anton Yakovlev, Young Soo-cho, Luis Martínez-Saiz, Ana Bara, Claude Petit, Alexandra Ansidei, Catherine Davenier, Philippe Lamendin, Karine Fellous, Titouan Laporte, Christophe Hatey, Jean-Simon Peretti, Cécile Breccia, Jérôme Vassilieff, Margot McLaughlin, Olivier Rosemberg, Fabrice Abraham, Shane Woodward, Rossana Sanetti, Diamilex Alexander, Frédéric Beigbeder, Jan Kounen, Rocco Siffredi, Anita Blond","[{'id': 726, 'name': 'drug abuse'}, {'id': 90, 'name': 'paris, france'}, {'id': 818, 'name': 'based on novel or book'}, {'id': 14522, 'name': 'co-workers relationship'}, {'id': 168750, 'name': 'advertising executive'}, {'id': 186507, 'name': 'advertising agency'}, {'id': 256413, 'name': 'advertising campaign'}]",gxz8vSh6wu8,https://www.youtube.com/watch?v=gxz8vSh6wu8
8265,Bienvenue chez les Ch'tis,,"Comédie, Drame, Romance",107,2008-02-20,France,fr,6.7,11000000,"Philippe Abrams est directeur de la poste de Salon‐de‐Provence. Il est marié à Julie, dont le caractère dépressif lui rend la vie impossible. Pour lui faire plaisir, Philippe fraude afin d’obtenir une mutation sur la Côte d’Azur. Mais il est démasqué: il sera muté à Bergues, petite ville du Nord. Pour les Abrams, sudistes pleins de préjugés, le Nord c’est l’horreur, une région glacée, peuplée d’êtres rustres, éructant un langage incompréhensible, le «cheutimi». Philippe ira seul. À sa grande surprise, il découvre un endroit charmant, une équipe chaleureuse, des gens accueillants, et se fait un ami: Antoine, le facteur et le carillonneur du village, à la mère possessive et aux amours contrariées. Quand Philippe revient à Salon, Julie refuse de croire qu’il se plait dans le Nord. Elle pense même qu’il lui ment pour la ménager. Pour la satisfaire et se simplifier la vie, Philippe lui fait croire qu’en effet, il vit un enfer à Bergues.",Dany Boon,https://image.tmdb.org/t/p/w500/dfht1lGq2ALbrRkMj35dUrj5kHG.jpg,https://image.tmdb.org/t/p/original/sBmLZreEkVK3bc6LLEyZFgKuxjk.jpg,"Kad Merad, Dany Boon, Zoé Félix, Lorenzo Ausilia-Foret, Anne Marivin, Philippe Duquesne, Guy Lecluyse, Line Renaud, Michel Galabru, Stéphane Freiss, Patrick Bosso, Jérôme Commandeur, Alexandre Carrière, Fred Personne, Franck Andrieux, Jean-Christophe Herbeth, Jean-François Picotin, Jenny Clève, Sylviane Goudal, Yaël Boon, Christophe Rossignon, Zinedine Soualem, Guillaume Morand, Nadège Beausson-Diagne, Jean-François Elberg, Eric Bleuzé, Bruno Tuchszer, Suzie Pilloux","[{'id': 931, 'name': 'jealousy'}, {'id': 389, 'name': 'clock tower'}, {'id': 1649, 'name': 'provence'}, {'id': 2335, 'name': 'southern france'}, {'id': 2251, 'name': 'lie'}, {'id': 4461, 'name': 'postman'}, {'id': 5893, 'name': ""mama's boy""}, {'id': 6324, 'name': 'bias'}, {'id': 9645, 'name': 'local speciality'}, {'id': 3805, 'name': 'relocation'}, {'id': 10360, 'name': 'prejudice'}, {'id': 10428, 'name': 'cultural difference'}, {'id': 13117, 'name': 'job transfer'}, {'id': 34014, 'name': 'northern france'}, {'id': 170585, 'name': 'bell tower'}, {'id': 173066, 'name': 'postal worker'}, {'id': 196947, 'name': 'hospitality'}, {'id': 196953, 'name': 'community spirit'}, {'id': 206150, 'name': 'dialect'}, {'id': 210455, 'name': 'small community'}, {'id': 212785, 'name': 'wine drinking'}, {'id': 215257, 'name': 'unhappy marriage'}, {'id': 254097, 'name': 'social prejudices'}, {'id': 283558, 'name': 'accents'}, {'id': 285895, 'name': 'disability fraud'}]",UN6C_fzfqZQ,https://www.youtube.com/watch?v=UN6C_fzfqZQ
21861,LOL (Laughing Out Loud),,Comédie,107,2009-02-04,France,fr,6.533,10900000,"LOL ? Ça veut dire Laughing Out Loud - mort de rire - en langage MSN. C'est aussi comme ça que les amis de Lola l'appellent. Pourtant, le jour de sa rentrée, Lola n'a pas le cœur à rire. Arthur, son copain, la provoque en lui disant qu'il l'a trompée pendant l'été. Et sa bande de potes a le don pour tout compliquer. Tout comme sa mère, Anne, avec qui le dialogue est devenu impossible, et pas seulement parce qu'elle ignore ce que LOL signifie. Que ses parents aient divorcé est une chose. Qu'Anne traite son ado comme une enfant en lui mentant sur l'essentiel, par exemple sur le fait qu'elle revoit son ex en cachette ou qu'elle se fait draguer par un flic, en est une autre. De son côté, Anne se demande ce qui a bien pu arriver à sa douce petite fille. De la fusion à la confusion, les relations mères-filles bouillonnent d'amour et de LOL.",Lisa Azuelos,https://image.tmdb.org/t/p/w500/cqAlMlnCh2pTaM7us9bO2WlODEY.jpg,https://image.tmdb.org/t/p/original/1nXwFarby8htFLPq2DDZb9O4fPO.jpg,"Sophie Marceau, Christa Théret, Jérémy Kapone, Marion Chabassol, Lou Lesage, Émile Bertherat, Félix Moati, Louis Sommer, Adèle Choubard, Jade-Rose Parker, Warren Guetta, Alexandre Astier, Jocelyn Quivrin, Françoise Fabian, Christiane Millet, Lise Lamétrie, Thaïs Alessandrin, Tom Invernizzi, Stéphanie Murat, Laurent Bateau, Valérie Karsenti, Pierre Niney, Jean-Claude Dauphin, Olivier Cruveiller, Katia Caballero, Vincent Jasinskij, Patty Hannock, Axel Kiener, Étienne Alsamia, Virginie Lente, Esmeralda Kroy, Vivienne Vermes, Lucille O'Flanagan-Le Cam, Lisa Azuelos, François-Xavier Bouvier, Waleed Khalid, Christophe Bourseiller, Joana Preiss, Kev Adams, Lomepal","[{'id': 6270, 'name': 'high school'}, {'id': 90, 'name': 'paris, france'}, {'id': 187056, 'name': 'woman director'}, {'id': 296608, 'name': 'teenager'}]",LyR5G7FG8sg,https://www.youtube.com/watch?v=LyR5G7FG8sg
41411,La Rafle,"Paris, 16 juillet 1942, 4 heures du matin…","Drame, Histoire, Guerre",125,2010-03-10,"France, Germany, Hungary",fr,7.576,20000000,"1942, Joseph a onze ans. Et ce matin de juin, il doit aller à l'école, une étoile jaune cousue sur sa poitrine… Il reçoit les encouragements d'un voisin brocanteur. Les railleries d'une boulangère. Entre bienveillance et mépris, Jo, ses copains juifs comme lui, leurs familles, apprennent la vie dans un Paris occupé, sur la Butte Montmartre, où ils ont trouvé refuge. Du moins le croient-ils, jusqu'à ce matin du 16 juillet 1942, où leur fragile bonheur bascule… Du Vélodrome d'Hiver, où 13 000 raflés sont entassés, au camp de Beaune-La-Rolande, de Vichy à la terrasse du Berghof, La Rafle suit les destins réels des victimes et des bourreaux. De ceux qui ont orchestré. De ceux qui ont eu confiance. De ceux qui ont fui. De ceux qui se sont opposés. Tous les personnages du film ont existé. Tous les évènements, même les plus extrêmes, ont eu lieu cet été 1942.",Roselyne Bosch,https://image.tmdb.org/t/p/w500/fS3cOkb8cj4oRpWMCpVDGV9I7rc.jpg,https://image.tmdb.org/t/p/original/ieux01445tYkzGdAukUFiYZiDNn.jpg,"Jean Reno, Mélanie Laurent, Gad Elmaleh, Raphaëlle Agogué, Sylvie Testud, Hugo Leverdez, Oliver Cywie, Mathieu Di Concetto, Romain Di Concetto, Rebecca Marder, Anne Brochet, Isabelle Gélinas, Thierry Frémont, Catherine Allégret, Denis Ménochet, Adèle Exarchopoulos, Jean-Pierre Lorit, Jean-Michel Noirey, Anne Benoît, Frédéric Moulin, Roland Copé, Armelle, Caroline Raynaud, Swann Arlaud, Christelle Cornil, Udo Schenk, Franziska Schubert, Thomas Darchinger, Bernhard Schütz, Nadia Barentin, Catherine Hosmalin, Marc Rioufol, Grégory Gatignol, Christian Erickson, Charlotte Driesen, Sandra Moreno, Maurice Vaudaux, Salomé Sebbag, Nastasia Juszczak, Ariane Séguillon, Mathilde Snodgrass, Samuel Diot, Patrick Courtois, Rodolphe Saulnier, Nicolas Bridet, Djamel Mehnane, Alban Aumard, Nicolas Merlin, Christian Adam, Frank Berjot, Salvatore Ingoglia, Philippe Beautier, Gaspard Meier-Chaurand, Antoine Stip, Aurélien Ringelheim, Samuel Jaudon, Sabine Pernette, Jérémie Segard, Jonathan Brecher, Francis Weismann, François Bureloup, Jonas Hamon, Catherine Toublanc, Gabrielle Bonacini, Philippe Mangione, Michelle Figlarz, Johannes Oliver Hamm, Jérôme Henry, Holger Daemgen, János Füzi, Virág Bárány, Gabriella Gubás, Peter Kollar, Tamás Lengyel, Iván Fenyő, Hanna Becker, Geoffry Thomas, Kata Varga, Róbert Bolla, Soma Zámbori, Ádám Földi, Péter Barbinek, Adel Martin, Viktoria Molnar, Szofia Sztepanov, Lora Balogh, Jérôme Cusin, Jennifer Kerner, Gyula Mesterházy, Tamás Gábor, Tamás Császár, Ilona Kassai, Zsuzsa Száger, Katalin Pap, Csaba Jakab, Virág Sallai, Zoltán Horváth, Barnabás Timon, Aaron Boujenah, Lili Karolyi, Bea Tövispataki, Julia Papp","[{'id': 187056, 'name': 'woman director'}]",qXOmq3tcmnw,https://www.youtube.com/watch?v=qXOmq3tcmnw
77338,Intouchables,"Parfois, vous devez entrer dans le monde de quelqu’un d’autre pour découvrir ce qui manque dans le vôtre.","Drame, Comédie",112,2011-11-02,France,fr,8.279,13000000,"À la suite d’un accident de parapente, Philippe, riche aristocrate, engage comme aide à domicile Driss, un jeune de banlieue tout juste sorti de prison. Bref la personne la moins adaptée pour le job. Ensemble ils vont faire cohabiter Vivaldi et Earth Wind and Fire, le verbe et la vanne, les costumes et les bas de survêtement… Deux univers vont se télescoper, s’apprivoiser, pour donner naissance à une amitié aussi dingue, drôle et forte qu’inattendue, une relation unique qui fera des étincelles et qui les rendra… Intouchables.","Éric Toledano, Olivier Nakache",https://image.tmdb.org/t/p/w500/8hZnsW4wGz3zuuwu9eniaoKIJnP.jpg,https://image.tmdb.org/t/p/original/bGksau9GGu0uJ8DJQ8DYc9JW5LM.jpg,"François Cluzet, Omar Sy, Dominique Henry, Anne Le Ny, Clotilde Mollet, Alba Gaïa Bellugi, Audrey Fleurot, Cyril Mendy, Christian Ameri, Marie-Laure Descoureaux, Salimata Kamate, Absa Diatou Toure, Dominique Daguier, François Caron, Thomas Solivérès, Grégoire Oestermann, Dorothée Brière, Joséphine de Meaux, Émilie Caen, Caroline Bourg, Sylvain Lazard, Jean-François Cayrey, Ian Fenelon, Renaud Barse, François Bureloup, Nicky Marbot, Benjamin Baroche, Jérôme Pauwels, Antoine Laurent, Fabrice Mantegna, Hedi Bouchenafa, Michel Winogradoff, Elliot Latil, Yun-Ping He, Kévin Wamo, Pierre-Laurent Barneron, Philippe Pozzo di Borgo","[{'id': 6054, 'name': 'friendship'}, {'id': 3230, 'name': 'male friendship'}, {'id': 9672, 'name': 'based on true story'}, {'id': 4501, 'name': 'masseuse'}, {'id': 155697, 'name': 'aristocrat'}, {'id': 156941, 'name': 'paragliding'}, {'id': 165583, 'name': 'interracial friendship'}, {'id': 167982, 'name': 'unlikely friendship'}, {'id': 179431, 'name': 'duringcreditsstinger'}, {'id': 184343, 'name': 'quadriplegic'}, {'id': 223004, 'name': 'quadriplegia'}, {'id': 304995, 'name': 'feel good'}, {'id': 328593, 'name': 'intouchables'}]",dvdJ--DV0Uo,https://www.youtube.com/watch?v=dvdJ--DV0Uo
110160,Laurence Anyways,Ce que femme veut…,"Drame, Romance",168,2012-05-18,"Canada, France",fr,7.652,9500000,"Laurence Anyways, c'est l'histoire d'un amour impossible. Le jour de son trentième anniversaire, Laurence, qui est très amoureux de Fred, révèle à celle-ci, après d'abstruses circonlocutions, son désir de devenir une femme.",Xavier Dolan,https://image.tmdb.org/t/p/w500/fIb2KnNRt94Vuejev6SkP6QRkEi.jpg,https://image.tmdb.org/t/p/original/lNUP9ymEHolzjLIHyoAkpHRQZxq.jpg,"Melvil Poupaud, Suzanne Clément, Nathalie Baye, Monia Chokri, Susan Almgren, Yves Jacques, Sophie Faucher, Magalie Lépine-Blondeau, Catherine Bégin, Emmanuel Schwartz, Jacques Lavallée, Perrette Souplex, Patricia Tulasne, David Savard, Monique Spaziani, Denise Filiatrault, Violette Chauveau, Mylène Jampanoï, Jacob Tierney, Gilles Renaud, Patrice Coquereau, Anne-Élisabeth Bossé, Anne Dorval, Pierre Chagnon, Éric Bruneau, Alexis Lefebvre, Denys Paris, Vincent Davy, Vincent Plouffe, Manuel Tadros, Alexandre Goyette, Antoine Olivier Pilon, Bronwen Mantel, Mario Geoffrey, Yvette Thuot, Jeanne Gionnet-Lavigne, Claude Gasse, Clément Deschênes, François Sasseville, Xavier Dolan, Emily Hampshire","[{'id': 6719, 'name': 'montreal, canada'}, {'id': 18035, 'name': 'family'}, {'id': 158718, 'name': 'lgbt'}, {'id': 194451, 'name': 'social issues'}, {'id': 197705, 'name': 'self-liberation'}, {'id': 197706, 'name': 'fearless'}, {'id': 208289, 'name': '1980s'}, {'id': 210608, 'name': '1990s'}]",RDoQz5VapLE,https://www.youtube.com/watch?v=RDoQz5VapLE
152584,La Vie d'Adèle - Chapitres 1 et 2,L'amant connaît juste l’amour !,"Romance, Drame",179,2013-10-09,"Belgium, France, Spain",fr,7.089,4300000,"À 15 ans, Adèle ne se pose pas de questions : une fille, ça sort avec des garçons. Sa vie bascule le jour où elle rencontre Emma, une jeune femme aux cheveux bleus, qui lui fait découvrir le désir et lui permettra de s’affirmer en tant que femme et adulte. Face au regard des autres, Adèle grandit, se cherche, se perd, se trouve…",Abdellatif Kechiche,https://image.tmdb.org/t/p/w500/2rcR4ep2XEreDyEG3TTJW6saNi5.jpg,https://image.tmdb.org/t/p/original/uKFqdRcJ3Oe2qZscCLCZVKo1nml.jpg,"Adèle Exarchopoulos, Léa Seydoux, Salim Kéchiouche, Aurélien Recoing, Catherine Salée, Benjamin Siksou, Mona Walravens, Jérémie Laheurte, Alma Jodorowsky, Anne Loiret, Benoît Pilot, Sandor Funtek, Fanny Maurin, Maelys Cabezon, Samir Bella, Tom Hurier, Manon Piette, Quentin Médrinal, Baya Rehaz, Camille Rutherford, Judith Hoersch, Peter Assogbavi, Wisdom Ayanou, Philippe Potier, Virginie Morgny, Stéphane Mercoyrol, Lucie Bibal, Marilyne Chanaud, Michael Skal, Sandrine Paraire, Justine Nissart, Flavie De Murat, Vincent Gaeta, Elizabeth Craig, Karim Saidi, Aurelie Lemanceau, Audrey Deswarte, Mejdi Ben Nasr, Hichem Ben Nasr, Janine Pillot, Antoinette Sarrazin, Alain Duclos, Éric Paul, Catherine Gilleron, Leila D'Issernio, Jean Luc D'Isserno, Selim Boukerfat, Oscar Pinelli, Léa Berkat, Nicolas Bourgasser, Camille Ayoras, Frédéric Wolsztyniak, Halima Slimani, Viktor Poisson, Utrillo, Radhouane El Meddeb, Julien Bucci, Alika Del Sol, Maud Wyler, Marc Schaegis, Olivier Verseau, Manou Poret, Klaim Nivaux, Chloé Malih, Ilyès Qada, Bouraouïa Marzouk","[{'id': 1013, 'name': 'homophobia'}, {'id': 2796, 'name': 'self-discovery'}, {'id': 10683, 'name': 'coming of age'}, {'id': 9673, 'name': 'love'}, {'id': 9833, 'name': 'lesbian relationship'}, {'id': 11190, 'name': 'sexual attraction'}, {'id': 18712, 'name': 'based on graphic novel'}, {'id': 33910, 'name': 'high school student'}, {'id': 41404, 'name': 'sexual desire'}, {'id': 156777, 'name': 'teenage sexuality'}, {'id': 158718, 'name': 'lgbt'}, {'id': 162804, 'name': 'sexual awakening'}, {'id': 186849, 'name': 'literary adaptation'}, {'id': 192311, 'name': 'social class'}, {'id': 213803, 'name': 'french cinema'}, {'id': 237281, 'name': 'lille, france'}, {'id': 251788, 'name': 'self exploration'}, {'id': 256466, 'name': 'erotic'}, {'id': 264386, 'name': 'lesbian'}, {'id': 282667, 'name': 'age-gap relationship'}, {'id': 296608, 'name': 'teenager'}]",J_ekBcdPzIk,https://www.youtube.com/watch?v=J_ekBcdPzIk
303483,Les Héritiers,"En comprenant l'Histoire, ils vont forger la leur.",Drame,105,2014-12-03,France,fr,7.4,0,"D'après une histoire vraie. Lycée Léon Blum de Créteil, une prof décide de faire passer un concours national d'Histoire à sa classe de seconde la plus faible. Cette rencontre va les transformer.",Marie-Castille Mention-Schaar,https://image.tmdb.org/t/p/w500/f1pCWBUmlBzdvhfp8IGoVQZBdub.jpg,https://image.tmdb.org/t/p/original/hQyuTd670x8q1751XJ4a2s9zT5d.jpg,"Ariane Ascaride, Ahmed Dramé, Noémie Merlant, Geneviève Mnich, Stéphane Bak, Wendy Nieto, Aïmen Derriachi, Mohamed Seddiki, Adrien Hurdubae, Alicia Dadoun, Naomi Amarger, Amine Lansari, Thomas Bénéteau, Xavier Maly, Léon Zyguel, Lionel Cecilio, Khadim Sylla, Clara Choï, Yume Nanbu, Abdel-Akim Mebtouche, Gabriel Beaudet, Gladys Cohen, Samia Sassi, Jassem Mougari, Christian Drillaud, Simone Veil, Rachid Moura","[{'id': 187056, 'name': 'woman director'}]",UozgwCTAi8I,https://www.youtube.com/watch?v=UozgwCTAi8I
364137,Nous trois ou rien,,"Drame, Comédie",102,2015-11-04,France,fr,7.523,0,"D’un petit village du sud de l’Iran aux cités parisiennes, Kheiron nous raconte le destin hors du commun de ses parents Hibat et Fereshteh, éternels optimistes, dans une comédie aux airs de conte universel qui évoque l’amour familial, le don de soi et surtout l’idéal d’un vivre-ensemble.",Kheiron,https://image.tmdb.org/t/p/w500/aPYtRdJwt85OgZIUBZ5tHgmfyCO.jpg,https://image.tmdb.org/t/p/original/dTTIfCmYGFgy3270lXH4scmUjm7.jpg,"Kheiron, Leïla Bekhti, Gérard Darmon, Zabou Breitman, Alexandre Astier, Kyan Khojandi, Arsène Mosca, Jonathan Cohen, Camélia Jordana, Ériq Ebouaney, Michel Vuillermoz, Margot Bancilhon, Sébastien Pouderoux, Adama Bathily, Farida Ouchani, Khereddine Ennasri, Soufiane Guerrab, Sofia Lesaffre, Carole Franck, Mourad Boudaoud, Alice Pehlivanyan","[{'id': 18009, 'name': 'iran'}]",IS-RD1CHEvE,https://www.youtube.com/watch?v=IS-RD1CHEvE
375798,Brice 3,Parce que le 2 je l’ai cassé !,Comédie,94,2016-10-19,France,fr,4.2,0,"Brice est de retour. Le monde a changé, mais pas lui. Quand son meilleur ami, Marius, l’appelle à l’aide, il part dans une grande aventure à l’autre bout du monde… Les voyages forment la « jaunesse » mais restera‐t‐il le roi de la casse ?",James Huth,https://image.tmdb.org/t/p/w500/vcF4Jh9UsNVT8LzC8ATxsHCI9J7.jpg,https://image.tmdb.org/t/p/original/bznM6AcTWgHRIU8g7eHmMiFPhAg.jpg,"Jean Dujardin, Clovis Cornillac, Bruno Salomone, Alban Lenoir, Noëlle Perna, Louis-Do de Lencquesaing, Jean-Michel Lahmi, Katrina Grey, Anne Serra, Mégane Lemiel",[],PwcSRzvjV0A,https://www.youtube.com/watch?v=PwcSRzvjV0A
484410,Diane a les épaules,,"Comédie, Drame",87,2017-11-15,France,fr,5.7,0,"Sans hésiter, Diane a accepté de porter l’enfant de Thomas et Jacques, ses meilleurs amis. C’est dans ces circonstances, pas vraiment idéales, qu’elle tombe amoureuse de Fabrizio.",Fabien Gorgeart,https://image.tmdb.org/t/p/w500/xJjjaDE17ivJK3bc1k8bU8FfnGs.jpg,https://image.tmdb.org/t/p/original/cfWBAt6v4rwllZziG8WKeL7EphJ.jpg,"Clotilde Hesme, Fabrizio Rongione, Thomas Suire, Grégory Montel, Alice Butaud, Olivier Rabourdin, Marie Piémontèse, Antoine Mathieu, Clémentine Niewdanski, Marion Zann, Jacques Akchoti, Perrine Guffroy","[{'id': 7638, 'name': 'surrogate mother'}]",FE_EjLgnxwE,https://www.youtube.com/watch?v=FE_EjLgnxwE
518736,Seule à mon mariage,,Drame,121,2018-11-02,Belgium,fr,5.5,1000000,"Pamela, jeune Rom insolente, spontanée et pleine d’humour, rêve de liberté et d’ailleurs. Rompant avec les traditions, elle part vers l’inconnu, avec trois mots de français pour seul bagage, et l’espoir d’un mariage en Belgique.",Marta Bergman,https://image.tmdb.org/t/p/w500/ONzqQZHN1ES66cTfiNMUUzpHJb.jpg,https://image.tmdb.org/t/p/original/2aoeugMy5xSFXZ7rGtRvMlBcvVa.jpg,"Alina Serban, Tom Vermeir, Jonas Bloquet, Rebeca Anghel, Viorica Tudor, Marian Samu, Alexandra Dina, Maria Baciu, Dana Voicu, Adela Avram, Gabriel Horvath, Onu Niculae, Lara Persain, Achille Ridolfi, Christophe Hermans, Mory Kourouma, Didier Biot, Marie Denarnaud, Johan Leysen, Karin Tanghe",[],tbrBfnyMUfs,https://www.youtube.com/watch?v=tbrBfnyMUfs
585093,L'Angle mort,,Drame,104,2019-10-16,France,fr,5.4,0,"Dominick Brassan a le pouvoir de se rendre invisible mais ne s’en sert pas beaucoup. Il a fait de ce don un secret honteux qu’il dissimule même à sa fiancée, Viveka. Mais vient un jour où le pouvoir se détraque et échappe à son contrôle, ce qui bouleversera sa vie, ses amitiés et ses amours.","Patrick Mario Bernard, Pierre Trividic",https://image.tmdb.org/t/p/w500/hSatpJjxyfID8yr3Z32Dmeo9rxS.jpg,https://image.tmdb.org/t/p/original/aFfYGaWHTCfP6bAJgmfWRbtkQCW.jpg,"Jean-Christophe Folly, Isabelle Carré, Golshifteh Farahani, Le Comte de Bouderbala, Claudia Tagbo, Tella Kpomahou, Peter Bonke, Elliot Jenicot, Hugues Jourdain, Yannis Bougeard, Jessica Leyemberger, Sébastien Floche, Aude Lachaise, João Fernando Amorim Cabral Filho, Martine Schambacher, Tony Harrisson, Mister Blaiz, Owen Kanga, Hadja Traore, Yann Liu, Chantal Yam, Afid Raïs, Yannick Grandjean, Mohamed Hamouni, David Stanley, Bérénice Ouédraogo, Alexeï Riboud, Franck Vaillant, Fergaledgar","[{'id': 14915, 'name': 'invisible'}]",n2SJUOeKVX0,https://www.youtube.com/watch?v=n2SJUOeKVX0
547523,Éléonore,,"Comédie, Drame, Romance",85,2020-09-23,France,fr,5.0,0,"Sous la pression de sa mère et de sa sœur, Eléonore, apprentie écrivain, change de vie et devient l’assistante d’un éditeur spécialisé dans les romances érotiques.",Amro Hamzawi,https://image.tmdb.org/t/p/w500/OhjGJoYf8RUpjCitgkqaZpQSPk.jpg,https://image.tmdb.org/t/p/original/6Nb94ycv0NofHyhRkWNuDXnmKqu.jpg,"Nora Hamzawi, Julia Faure, Dominique Reymond, Joséphine de la Baume, Violaine Gillibert, André Marcon, Pauline Lorillard, Jean-Luc Vincent, Guilaine Londez, Arthur Igual, Violetta Sanchez, Raoul Fernandez, Haroun, Lucas Bonnifait, Charlotte Deniel",[],2TeTLUHgHNk,https://www.youtube.com/watch?v=2TeTLUHgHNk
733902,Mauvaises graines,,"Drame, Téléfilm",90,2021-02-07,France,fr,6.7,0,"Dans un village isolé, un pensionnaire d'un centre éducatif est accusé du meurtre d'un autre jeune. Le responsable du centre est convaincu de son innocence.",Thierry Petit,https://image.tmdb.org/t/p/w500/hozMwMUZDwGVnhsZieTQw6VnMzO.jpg,https://image.tmdb.org/t/p/original/gFgsosRdyjyQePRSbORx3WvrA1y.jpg,"Patrick Fiori, Michel Jonasz, Garance Thénault, Marwan Berreni, Lucille Guillaume, Xavier-Arnaud de Sinzogan, Zaïna Yalioua, Calixte Broisin-Doutaz, Didier Michon, Antoine Pelletier, Marvin Dubart, Thomas Longchamps, Marie-Mathilde Amblat, Charley Fouquet, Christelle Cornil, François Bureloup, Serpentine Teyssier, Cédric Le Stunff",[],mA0Wul36cNQ,https://www.youtube.com/watch?v=mA0Wul36cNQ
783573,Trois fois rien,,Comédie,98,2022-03-16,"Canada, France",fr,6.4,0,"Brindille, Casquette et La Flèche vivent comme ils peuvent, au jour le jour, dans le bois de Vincennes. Mais leur situation précaire devrait changer du tout au tout le jour où ils gagnent au Loto. Encore faut-il pouvoir encaisser l’argent, car sans domicile, pas de carte d’identité à jour et sans compte bancaire, pas de paiement !",Nadège Loiseau,https://image.tmdb.org/t/p/w500/7uyeiUG935yI0WHJd9Sl3yCefba.jpg,https://image.tmdb.org/t/p/original/fRH9ojjud4Dhl32M8iYi9q5X1Rh.jpg,"Antoine Bertrand, Philippe Rebbot, Côme Levin, Émilie Caen, Nadège Beausson-Diagne, Yves Yan, Yilin Yang, Hubert Myon, Laura Sépul, Lili Loiseau, Lewine Weber, Bruno Moynot, Florence Monge, Yannig Samot, Philippe Frécon, Lionel Laget, Jean-Noël Cnokaert, Aude Gogny-Goubert, David Talbot, Estelle Meyer, Matthieu Pillard, Thibault Farnoux, Juliette Plumecocq-Mech, Firmine Richard, Karin Viard, Emmanuel Gillet, Chris Makodi, Pascal de la Châtaigneraie, Philippe Briouse, Anita Gillier, Rayen Hediji, Linda Joyce Nourse, Axelle Simon, Atillahan Karagedik, Cédric Martin",[],eDFLymQqWfo,https://www.youtube.com/watch?v=eDFLymQqWfo
1070449,Sur l’Adamant,,Documentaire,109,2023-03-22,"France, Japan",fr,7.2,0,"L’Adamant est un Centre de Jour unique en son genre : c’est un bâtiment flottant. Édifié sur la Seine, en plein cœur de Paris, il accueille des adultes souffrant de troubles psychiques, leur offrant un cadre de soins qui les structure dans le temps et l’espace, les aide à renouer avec le monde, à retrouver un peu d’élan. L’équipe qui l’anime est de celles qui tentent de résister autant qu’elles peuvent au délabrement et à la déshumanisation de la psychiatrie. Ce film nous invite à monter à son bord pour aller à la rencontre des patients et soignants qui en inventent jour après jour le quotidien.",Nicolas Philibert,https://image.tmdb.org/t/p/w500/5vEK55kGMmuaCF7W1hlMf22wsEX.jpg,https://image.tmdb.org/t/p/original/uEj5FORyXDAG7v2YaT7Zlr8QAJm.jpg,"Mamadi Barri, Walid Benziane, Sabine Berlière, Romain Bernardin, Jean-Paul Hazan, Pauline Hertz, Frédéric Prieur, Muriel Thourond, Sébastien Tournayre","[{'id': 193237, 'name': 'child care'}]",vv3dj5qZ5nk,https://www.youtube.com/watch?v=vv3dj5qZ5nk
1119550,La Petite Vadrouille,,Comédie,96,2024-06-05,France,fr,0.0,0,"Justine, son mari et toute leur bande d'amis trouvent une solution pour résoudre leurs problèmes d'argent : organiser une fausse croisière romantique pour Franck, un gros investisseur, qui cherche à séduire une femme.",Bruno Podalydès,https://image.tmdb.org/t/p/w500/ulfqdFAJ4OIkzZfudd1LJBQ7DHG.jpg,https://image.tmdb.org/t/p/original/ytxbYMwImGsiPDljiUGuCcfKHSX.jpg,"Daniel Auteuil, Bruno Podalydès, Sandrine Kiberlain, Denis Podalydès, Isabelle Candelier, Florence Muller, Éric Viellard, Jean-Noël Brouté, Dimitri Doré",[],6d2y4r9Xf-Q,https://www.youtube.com/watch?v=6d2y4r9Xf-Q
,,,,,,,,,,,,,,,,,https://www.youtube.com/watch?v=
,,,,,,,,,,,,,,,,,https://www.youtube.com/watch?v=
,,,,,,,,,,,,,,,,,https://www.youtube.com/watch?v=
,,,,,,,,,,,,,,,,,https://www.youtube.com/watch?v=
,,,,,,,,,,,,,,,,,https://www.youtube.com/watch?v=
,,,,,,,,,,,,,,,,,https://www.youtube.com/watch?v=